SYSTEM_ID,PERCENTAGE_UNPAID_INVOICES,PERCENTAGE_LATE_INVOICES,MID_YEAR_PCT,FINAL_YEAR_PCT,Attendance_Percentage,Predicted_CHURN,Churn_Probability
141541,0.0,0.0,70.66666666666667,59.77777777777777,89.41,0,0.012372097
142849,0.0,27.27272727272727,76.33333333333333,76.44444444444444,96.47,0,0.3677407
142913,0.0,0.0,85.66666666666667,84.55555555555556,90.59,0,0.010119395
145572,0.0,0.0,92.33333333333333,90.77777777777779,99.41,0,0.0021935294
145887,0.0,8.333333333333332,77.0,70.11111111111111,91.76,1,0.5165301
146048,0.0,16.666666666666664,93.33333333333333,94.88888888888889,95.29,0,0.36139527
146832,33.33333333333333,0.0,81.66666666666667,73.55555555555556,95.27,0,0.017783321
146914,0.0,16.666666666666664,82.33333333333334,76.11111111111111,95.88,1,0.7277445
147226,0.0,8.333333333333332,63.66666666666667,60.333333333333336,81.18,1,0.90403175
147862,0.0,0.0,94.0,92.22222222222223,98.24,0,0.0017752175
147994,8.333333333333332,8.333333333333332,85.66666666666667,89.55555555555556,88.17,0,0.34833145
148226,16.666666666666664,0.0,73.66666666666667,69.55555555555556,92.35,0,0.093570575
149282,0.0,0.0,84.33333333333334,76.22222222222223,96.47,0,0.0062542115
150424,0.0,8.333333333333332,71.33333333333334,67.11111111111111,77.06,1,0.8994577
150893,0.0,0.0,85.0,94.88888888888889,92.94,0,0.011927603
151233,8.333333333333332,58.333333333333336,91.0,87.66666666666667,98.24,1,0.97886294
151260,0.0,16.666666666666664,61.0,53.11111111111111,91.12,1,0.9034461
151737,0.0,16.666666666666664,93.66666666666667,94.44444444444444,97.06,0,0.36626473
151862,0.0,0.0,81.66666666666667,82.44444444444444,95.86,0,0.0052172937
152093,0.0,16.666666666666664,79.66666666666666,79.77777777777779,97.63,1,0.67219925
152167,0.0,0.0,82.33333333333334,76.22222222222223,91.76,0,0.011021
152871,0.0,16.666666666666664,90.66666666666666,80.77777777777779,98.24,1,0.53716093
154725,0.0,0.0,67.0,69.0,90.59,0,0.01074746
157304,0.0,0.0,92.33333333333333,93.88888888888889,97.06,0,0.0020015293
157640,0.0,0.0,80.66666666666666,75.22222222222223,93.53,0,0.02038854
158585,0.0,16.666666666666664,82.33333333333334,81.55555555555556,97.06,1,0.70552325
158880,0.0,0.0,86.1963190184049,91.84692179700498,92.94,0,0.011927603
159037,0.0,0.0,51.0,43.44444444444445,86.47,0,0.1999685
160761,0.0,42.857142857142854,84.16666666666667,57.14285714285714,87.39,1,0.5104209
161715,0.0,16.666666666666664,84.33333333333334,83.33333333333334,92.94,1,0.8909571
162953,33.33333333333333,66.66666666666666,70.66666666666667,69.33333333333334,94.12,1,0.9679251
163923,0.0,0.0,86.0,82.11111111111111,90.59,0,0.009685636
164537,0.0,63.63636363636363,89.66666666666666,92.11111111111111,100.0,1,0.82874197
164549,0.0,0.0,84.66666666666667,82.66666666666667,90.59,0,0.009685636
164782,8.333333333333332,25.0,66.66666666666666,63.44444444444445,77.51,1,0.96526015
164896,0.0,0.0,76.66666666666667,71.88888888888889,98.82,0,0.0060072676
165868,0.0,25.0,81.33333333333333,79.5,91.76,0,0.31253007
166128,0.0,91.66666666666666,83.66666666666667,79.77777777777779,88.82,1,0.8059163
166135,0.0,0.0,88.65030674846625,89.1373801916933,91.76,0,0.0052085673
166191,0.0,8.333333333333332,93.25153374233128,94.88817891373802,94.67,0,0.110337585
166458,0.0,0.0,81.59509202453987,78.43450479233228,94.67,0,0.0055514383
166837,0.0,0.0,75.33333333333333,77.55555555555556,85.8,0,0.008345674
166838,8.333333333333332,16.666666666666664,67.66666666666666,71.66666666666667,79.41,1,0.98060626
166981,0.0,16.666666666666664,99.079754601227,99.04153354632588,97.65,0,0.3030131
168123,0.0,8.333333333333332,62.66666666666667,61.55555555555555,92.94,1,0.6046538
168471,25.0,41.66666666666667,76.66666666666667,73.77777777777777,76.33,1,0.9335007
168702,0.0,8.333333333333332,65.95092024539878,70.6070287539936,74.12,1,0.8738391
168793,0.0,33.33333333333333,81.33333333333333,86.8888888888889,97.06,1,0.5791355
169175,33.33333333333333,58.333333333333336,79.14110429447852,75.39936102236422,93.53,1,0.94642395
169813,0.0,8.333333333333332,94.78527607361963,94.56869009584665,91.76,0,0.1720229
169969,0.0,33.33333333333333,96.29629629629629,0.0,93.88,1,0.8404212
169978,0.0,0.0,86.1963190184049,88.33865814696486,95.88,0,0.004266237
170528,0.0,16.666666666666664,83.74233128834356,84.98402555910543,87.06,1,0.6665509
170749,0.0,0.0,99.079754601227,99.52076677316293,97.06,0,0.0017870162
171100,0.0,0.0,66.25766871165644,68.69009584664538,82.35,0,0.011798991
171287,0.0,41.66666666666667,88.66666666666667,85.6923076923077,85.8,1,0.50109184
171883,0.0,0.0,96.93251533742331,96.1661341853035,95.29,0,0.0019599425
171886,0.0,0.0,84.04907975460122,79.3929712460064,99.41,0,0.0045208717
172289,8.333333333333332,16.666666666666664,73.00613496932516,75.23961661341852,98.24,1,0.91666937
172381,8.333333333333332,16.666666666666664,70.66666666666667,63.33333333333333,82.84,1,0.98477477
172384,0.0,8.333333333333332,92.63803680981594,94.08945686900958,96.47,0,0.11552711
172791,8.333333333333332,41.66666666666667,93.55828220858896,96.1661341853035,93.53,1,0.87792313
173058,0.0,8.333333333333332,86.66666666666667,79.22222222222223,88.17,0,0.16470964
173172,0.0,16.666666666666664,93.55828220858896,94.08945686900958,97.06,0,0.36626473
173309,0.0,8.333333333333332,68.71165644171779,66.77316293929712,81.76,1,0.9050548
173748,0.0,0.0,94.0,90.66666666666666,98.24,0,0.0021935294
174121,0.0,0.0,78.83435582822086,79.55271565495208,91.76,0,0.011061858
174405,0.0,0.0,89.57055214723927,93.29073482428115,91.18,0,0.0042177103
175225,16.666666666666664,8.333333333333332,71.42857142857143,73.1629392971246,63.53,1,0.93658096
175855,0.0,8.333333333333332,97.23926380368098,98.56230031948881,99.41,0,0.086988345
175856,8.333333333333332,8.333333333333332,84.04907975460122,87.8594249201278,85.29,1,0.93458563
176403,0.0,8.333333333333332,77.66666666666666,76.11111111111111,90.0,0,0.45092955
177484,0.0,58.333333333333336,94.1717791411043,92.81150159744409,97.65,1,0.8296886
178157,0.0,0.0,96.62576687116564,97.76357827476039,96.45,0,0.0020639512
178315,0.0,0.0,94.1717791411043,92.65175718849841,95.88,0,0.0020621193
179785,0.0,8.333333333333332,92.66666666666666,90.11111111111111,88.76,0,0.10990936
179904,0.0,0.0,83.66666666666667,77.55555555555556,90.0,0,0.009173739
180093,0.0,0.0,85.33333333333334,82.44444444444444,94.12,0,0.021075768
180118,0.0,0.0,92.02453987730061,86.10223642172524,95.29,0,0.003153963
180942,0.0,0.0,87.42331288343557,85.94249201277955,96.47,0,0.0039917356
181028,0.0,8.333333333333332,91.71779141104295,90.89456869009584,96.45,0,0.14522445
181854,0.0,0.0,96.66666666666667,95.77777777777777,97.65,0,0.0016872342
182025,16.666666666666664,41.66666666666667,69.32515337423312,66.77524429967427,88.82,1,0.9578413
182086,18.181818181818183,63.63636363636363,77.66666666666666,78.44444444444446,90.0,1,0.99580437
182995,0.0,0.0,92.94478527607362,92.97124600638978,97.06,0,0.0021058696
183146,33.33333333333333,66.66666666666666,72.33333333333334,68.11111111111111,57.58,1,0.9225376
183409,0.0,0.0,89.70099667774086,90.73482428115017,81.66,0,0.0037156157
183547,8.333333333333332,33.33333333333333,67.0,47.11111111111111,69.41,1,0.9808925
183969,0.0,0.0,76.33333333333333,68.11111111111111,94.12,0,0.02962923
184113,0.0,8.333333333333332,80.67484662576688,81.15015974440894,93.53,1,0.594704
184271,0.0,42.857142857142854,84.33333333333334,36.666666666666664,93.28,1,0.9580853
184436,0.0,18.181818181818183,86.50306748466258,80.03194888178913,87.06,1,0.57391506
184502,0.0,50.0,82.20858895705521,81.94888178913739,86.47,1,0.80937946
184733,0.0,0.0,88.33333333333333,87.33333333333333,94.71,0,0.0035443269
185281,0.0,0.0,62.57668711656442,65.01597444089457,99.41,0,0.005172408
185450,0.0,0.0,97.85276073619632,97.60383386581469,98.24,0,0.0016872342
186037,0.0,0.0,87.11656441717791,81.78913738019169,96.47,0,0.004335654
186274,0.0,0.0,78.83333333333333,75.44444444444444,89.41,0,0.010776268
186297,0.0,0.0,85.2760736196319,82.42811501597444,98.82,0,0.0042484924
186546,0.0,8.333333333333332,95.70552147239265,95.84664536741214,92.31,0,0.18151921
186647,0.0,0.0,92.33128834355828,91.85303514376997,100.0,0,0.0017752175
186955,0.0,25.0,81.59509202453987,89.29712460063898,89.41,0,0.2145806
187026,0.0,83.33333333333334,91.71779141104295,95.36741214057508,88.24,1,0.795803
187091,0.0,9.090909090909092,82.82208588957054,80.67092651757189,93.53,1,0.594704
187557,0.0,0.0,92.33128834355828,91.85303514376997,89.41,0,0.0034496854
187631,25.0,41.66666666666667,77.66666666666666,75.22222222222223,95.29,1,0.85052294
187833,0.0,0.0,89.2638036809816,85.78274760383387,89.41,0,0.005734831
188041,0.0,16.666666666666664,90.1840490797546,88.01916932907349,86.47,1,0.6337325
188166,0.0,0.0,96.0122699386503,95.0479233226837,96.47,0,0.0020639512
188591,0.0,0.0,83.43558282208589,80.03194888178913,94.71,0,0.0052172937
189308,0.0,16.666666666666664,90.49079754601227,90.2555910543131,73.53,1,0.7634694
189501,50.0,0.0,52.5,0.0,29.09,0,0.08712703
189502,8.333333333333332,50.0,92.02453987730061,91.21405750798722,88.82,1,0.96380436
189639,0.0,16.666666666666664,93.25153374233128,95.84664536741214,89.41,0,0.4866597
189963,0.0,0.0,87.11656441717791,86.4217252396166,98.82,0,0.003086185
190083,8.333333333333332,91.66666666666666,83.12883435582822,76.51757188498402,93.41,1,0.99183524
190307,0.0,0.0,86.80981595092024,74.92012779552716,97.04,0,0.0047881906
190308,0.0,8.333333333333332,95.39877300613497,96.96485623003196,94.71,0,0.110337585
190311,0.0,0.0,81.3953488372093,80.83067092651757,88.17,0,0.004165119
190312,0.0,0.0,97.54601226993866,98.56230031948881,94.08,0,0.0054293247
190379,0.0,0.0,96.0122699386503,94.72843450479233,88.24,0,0.0015439646
190461,0.0,16.666666666666664,94.47852760736197,95.52715654952077,97.06,0,0.36626473
190507,0.0,0.0,98.15950920245399,98.08306709265176,96.45,0,0.0020639512
190624,8.333333333333332,33.33333333333333,94.47852760736197,92.49201277955271,91.18,1,0.6826212
190672,16.666666666666664,0.0,97.85276073619632,97.28434504792332,95.86,0,0.016803607
190950,0.0,0.0,99.38650306748467,98.7220447284345,98.24,0,0.0015063544
191242,0.0,0.0,86.50306748466258,88.49840255591054,93.53,0,0.008575223
191728,0.0,0.0,92.63803680981594,93.29073482428115,91.72,0,0.0032789847
191936,0.0,50.0,78.52760736196319,81.629392971246,84.71,1,0.85074484
192105,0.0,8.333333333333332,99.38650306748467,99.68051118210862,98.82,0,0.07959992
192787,0.0,0.0,88.34355828220859,88.01916932907349,91.76,0,0.006025378
193176,0.0,0.0,31.0,0.0,83.67,0,0.031528916
193346,0.0,0.0,80.06134969325154,87.53993610223642,93.53,0,0.016159596
193347,0.0,16.666666666666664,98.46625766871165,97.92332268370608,93.49,1,0.59923637
193809,0.0,0.0,97.85276073619632,97.60383386581469,98.22,0,0.0016872342
194054,0.0,8.333333333333332,90.49079754601227,92.33226837060703,88.17,0,0.07445904
194209,0.0,18.181818181818183,90.83333333333333,91.88888888888889,79.41,1,0.77237433
194462,0.0,8.333333333333332,82.66666666666667,81.22222222222221,94.08,1,0.6336268
194570,0.0,16.666666666666664,96.93251533742331,96.80511182108627,95.88,0,0.36139527
195643,0.0,0.0,98.77300613496932,99.04153354632588,97.04,0,0.0017870162
197137,0.0,8.333333333333332,91.1042944785276,90.09584664536742,76.47,1,0.6954138
197589,0.0,18.181818181818183,82.20858895705521,83.06709265175719,88.82,1,0.6618004
197831,0.0,8.333333333333332,87.04318936877077,88.65814696485623,68.24,1,0.73833966
199017,0.0,0.0,90.1840490797546,90.09584664536742,99.41,0,0.0021935294
199341,0.0,0.0,87.42331288343557,80.19169329073482,93.49,0,0.011506593
199344,8.333333333333332,58.333333333333336,84.3558282208589,83.54632587859425,76.33,1,0.98918366
199589,0.0,0.0,94.1717791411043,90.73482428115017,92.9,0,0.006703828
199590,0.0,0.0,94.78527607361963,91.21405750798722,99.41,0,0.0017752175
199609,0.0,0.0,93.25153374233128,94.1717791411043,83.53,0,0.008438498
199716,0.0,8.333333333333332,88.66666666666667,87.44444444444444,98.24,0,0.18860407
200141,0.0,0.0,84.3558282208589,73.80191693290735,93.49,0,0.023164323
200362,0.0,41.66666666666667,80.06134969325154,82.10862619808307,94.12,1,0.7810881
201134,0.0,8.333333333333332,87.11656441717791,83.70607028753993,91.76,0,0.36144757
201501,0.0,0.0,69.0,62.44444444444445,90.0,0,0.011497793
202001,0.0,8.333333333333332,94.47852760736197,92.49201277955271,94.08,0,0.2889646
202208,0.0,0.0,89.87730061349694,92.49201277955271,92.35,0,0.0036815004
202209,16.666666666666664,41.66666666666667,87.42331288343557,81.15015974440894,81.76,1,0.8926986
202396,0.0,0.0,95.70552147239265,92.33226837060703,94.71,0,0.0020621193
202556,0.0,0.0,92.33128834355828,89.61661341853035,93.53,0,0.006703828
202915,0.0,0.0,61.34969325153374,74.23312883435584,77.65,0,0.0088170245
202918,0.0,0.0,98.77300613496932,97.92332268370608,98.82,0,0.0016872342
203115,0.0,25.0,98.15950920245399,98.40255591054313,97.04,0,0.08434845
203319,0.0,0.0,83.43558282208589,88.49840255591054,82.35,0,0.0064747315
203870,0.0,0.0,92.02453987730061,91.3738019169329,87.65,0,0.0020594178
204151,0.0,0.0,73.66666666666667,66.22222222222223,94.71,0,0.0076882406
204981,8.333333333333332,91.66666666666666,92.33128834355828,91.85303514376997,93.53,1,0.9887715
205045,8.333333333333332,0.0,96.31901840490798,98.56230031948881,98.22,0,0.0067976797
205240,8.333333333333332,75.0,80.06134969325154,76.8729641693811,93.53,1,0.99183524
205483,25.0,41.66666666666667,67.79141104294479,71.8849840255591,84.12,1,0.9396863
205793,33.33333333333333,66.66666666666666,82.82208588957054,83.86581469648561,82.84,1,0.9026216
205902,0.0,8.333333333333332,92.33128834355828,92.01277955271566,75.74,1,0.65875876
205903,0.0,0.0,59.20245398773007,70.24539877300614,81.66,0,0.011798991
206496,0.0,0.0,98.15950920245399,98.24281150159744,74.12,0,0.0023281933
206527,0.0,0.0,94.66666666666667,93.77777777777779,97.65,0,0.0016872342
206798,0.0,0.0,94.78527607361963,97.23926380368098,89.41,0,0.0032789847
206858,33.33333333333333,66.66666666666666,82.20858895705521,75.87412587412588,85.0,1,0.85464936
207115,8.333333333333332,83.33333333333334,98.77300613496932,97.44408945686901,99.41,1,0.97806543
207155,8.333333333333332,33.33333333333333,55.828220858895705,64.41717791411043,64.71,1,0.9853043
207216,8.333333333333332,33.33333333333333,94.1717791411043,95.52715654952077,93.49,0,0.48058394
207217,8.333333333333332,33.33333333333333,94.1717791411043,93.76996805111821,95.88,0,0.3709711
207400,0.0,0.0,84.3558282208589,85.14376996805112,91.76,0,0.010119395
207527,0.0,8.333333333333332,95.0920245398773,90.41533546325878,98.82,0,0.12190985
207659,0.0,8.333333333333332,94.78527607361963,92.81150159744409,94.12,0,0.2889646
207660,0.0,8.333333333333332,96.31901840490798,96.3258785942492,95.88,0,0.110337585
207712,0.0,8.333333333333332,79.4478527607362,78.91373801916933,91.18,0,0.47327754
207758,16.666666666666664,50.0,93.25153374233128,94.13680781758957,63.1,1,0.90881205
208278,0.0,0.0,63.190184049079754,75.76687116564416,64.5,0,0.01040665
208517,8.333333333333332,33.33333333333333,68.71165644171779,70.28753993610223,80.59,1,0.9805265
208669,0.0,33.33333333333333,89.87730061349694,90.73482428115017,90.0,1,0.5989915
208892,0.0,16.666666666666664,72.08588957055214,77.60736196319019,87.65,1,0.66533536
209127,0.0,0.0,88.03680981595092,86.5814696485623,85.8,0,0.004505075
209177,0.0,0.0,92.63803680981594,91.05431309904152,97.06,0,0.0021058696
209256,0.0,0.0,81.28834355828221,82.51533742331289,95.29,0,0.0052172937
209491,0.0,58.333333333333336,95.39877300613497,95.84664536741214,92.35,1,0.9045082
209807,0.0,0.0,89.87730061349694,93.55828220858896,82.35,0,0.00298789
210330,0.0,0.0,88.95705521472392,88.81789137380191,86.47,0,0.0045469664
211033,0.0,0.0,96.0122699386503,95.70552147239265,97.06,0,0.0020015293
211034,0.0,0.0,90.49079754601227,94.1717791411043,85.21,0,0.0033615208
211236,0.0,25.0,94.78527607361963,94.78527607361963,97.63,0,0.080008104
211420,8.333333333333332,41.66666666666667,94.1717791411043,94.40894568690096,98.24,1,0.7693771
211996,0.0,0.0,96.93251533742331,97.23926380368098,97.65,0,0.0016872342
212379,0.0,0.0,95.39877300613497,96.64536741214057,89.41,0,0.0032789847
212522,0.0,0.0,88.03680981595092,94.47852760736197,94.67,0,0.0024791416
212689,0.0,0.0,86.80981595092024,92.94478527607362,94.67,0,0.0024791416
212775,0.0,0.0,95.0920245398773,94.08945686900958,97.04,0,0.0020015293
212776,0.0,0.0,89.66666666666666,88.66666666666667,95.86,0,0.0030628154
212811,8.333333333333332,0.0,88.70431893687709,91.41104294478528,64.5,0,0.020503502
212905,66.66666666666666,0.0,0.0,0.0,62.5,0,0.10881661
212935,0.0,25.0,61.12956810631229,73.92638036809815,87.25,0,0.21518819
213614,0.0,8.333333333333332,86.80981595092024,83.74233128834356,69.41,1,0.7110762
213738,0.0,0.0,83.66666666666667,85.44444444444444,92.94,0,0.0172688
213740,0.0,0.0,91.41104294478528,88.65030674846625,90.0,0,0.004260884
213793,0.0,0.0,94.78527607361963,94.78527607361963,92.94,0,0.00516188
214174,0.0,0.0,80.06134969325154,76.99680511182109,96.47,0,0.005844921
214311,33.33333333333333,58.333333333333336,84.04907975460122,80.83067092651757,90.0,1,0.92028505
214313,33.33333333333333,41.66666666666667,71.0,64.22222222222223,91.18,1,0.9340112
214370,0.0,16.666666666666664,94.1717791411043,96.62576687116564,91.76,0,0.4866597
214376,0.0,27.27272727272727,89.2638036809816,88.49840255591054,97.65,0,0.20442282
214428,0.0,0.0,85.04983388704319,80.19169329073482,85.29,0,0.0065792296
214531,8.333333333333332,8.333333333333332,89.57055214723927,92.94478527607362,90.53,0,0.35270444
214582,0.0,0.0,83.0,81.11111111111111,90.0,0,0.008623457
214634,0.0,8.333333333333332,91.41104294478528,93.55828220858896,95.88,0,0.110337585
214652,0.0,41.66666666666667,98.46625766871165,97.23926380368098,89.41,1,0.53069264
214781,0.0,8.333333333333332,93.55828220858896,92.02453987730061,93.49,0,0.25639716
214782,0.0,8.333333333333332,81.59509202453987,76.68711656441718,92.94,1,0.60965466
214845,0.0,0.0,93.86503067484662,93.76996805111821,93.53,0,0.00516188
215129,0.0,0.0,68.66666666666667,66.77777777777779,82.94,0,0.027912041
215216,0.0,8.333333333333332,87.42331288343557,86.1963190184049,92.35,0,0.36807007
215588,0.0,8.333333333333332,94.1717791411043,90.73482428115017,97.65,0,0.12190985
215912,0.0,0.0,82.51533742331289,84.82428115015975,90.0,0,0.009010081
216048,0.0,0.0,98.46625766871165,98.24281150159744,95.86,0,0.0019599425
216467,0.0,8.333333333333332,93.25153374233128,94.47852760736197,84.12,1,0.84640884
216990,0.0,8.333333333333332,92.33128834355828,94.47852760736197,87.06,0,0.10825962
217266,0.0,0.0,96.0122699386503,97.23926380368098,98.24,0,0.0016872342
217594,0.0,0.0,91.41104294478528,88.49840255591054,89.41,0,0.004260884
217737,0.0,16.666666666666664,89.87730061349694,92.63803680981594,95.88,0,0.42085394
217800,0.0,16.666666666666664,89.57055214723927,93.25153374233128,84.02,1,0.83799547
217912,0.0,8.333333333333332,95.0920245398773,95.39877300613497,85.88,1,0.62559897
218001,16.666666666666664,41.66666666666667,85.58282208588957,89.87730061349694,77.65,1,0.9467588
218193,0.0,25.0,86.1963190184049,74.92012779552716,94.08,1,0.5171997
218275,0.0,0.0,93.86503067484662,93.25153374233128,98.82,0,0.0016872342
218342,0.0,25.0,70.0,0.0,56.16,1,0.7013206
218391,0.0,0.0,94.78527607361963,95.84664536741214,99.41,0,0.0016872342
218393,8.333333333333332,41.66666666666667,78.52760736196319,80.83067092651757,90.59,1,0.9248337
219009,0.0,66.66666666666666,64.0,56.888888888888886,85.21,1,0.9054873
220072,0.0,18.181818181818183,85.58282208588957,85.58282208588957,85.88,1,0.7611296
220074,8.333333333333332,8.333333333333332,71.16564417177914,81.28834355828221,94.71,1,0.5759451
220076,0.0,14.285714285714285,73.31288343558282,25.0,85.71,1,0.92465806
220509,0.0,0.0,94.78527607361963,96.80511182108627,97.65,0,0.0016872342
220702,8.333333333333332,25.0,86.1963190184049,82.51533742331289,95.29,1,0.92816085
220704,0.0,8.333333333333332,97.85276073619632,94.24920127795528,97.65,0,0.096442275
220961,0.0,33.33333333333333,90.49079754601227,91.3738019169329,91.76,1,0.5383185
221238,0.0,8.333333333333332,83.74233128834356,81.78913738019169,90.0,0,0.4113296
221957,0.0,50.0,93.25153374233128,92.94478527607362,85.21,1,0.8303225
221983,8.333333333333332,33.33333333333333,73.61963190184049,80.06134969325154,94.67,1,0.9236826
222465,0.0,33.33333333333333,68.77076411960132,75.4601226993865,52.94,1,0.7535066
222792,0.0,50.0,79.75460122699386,79.3929712460064,86.47,1,0.80937946
222842,8.333333333333332,33.33333333333333,90.1840490797546,95.70552147239265,82.35,1,0.72938895
223291,0.0,0.0,77.91411042944786,77.30061349693251,90.0,0,0.009850256
223420,0.0,0.0,85.88957055214725,83.70607028753993,80.59,0,0.006103544
223421,0.0,0.0,83.12883435582822,86.50306748466258,71.6,0,0.0060875257
223527,8.333333333333332,25.0,90.79754601226993,92.63803680981594,82.84,1,0.92057014
223713,0.0,0.0,94.47852760736197,96.0122699386503,95.88,0,0.0019599425
223761,0.0,0.0,86.1963190184049,85.88957055214725,87.06,0,0.0054939305
223762,0.0,0.0,84.66257668711657,85.58282208588957,88.24,0,0.004007468
223989,0.0,8.333333333333332,72.42524916943522,88.65030674846625,84.02,1,0.9422548
223990,0.0,8.333333333333332,69.01840490797547,83.12883435582822,85.8,1,0.80107856
224811,0.0,8.333333333333332,92.63803680981594,90.49079754601227,87.57,0,0.12759459
225678,8.333333333333332,91.66666666666666,90.49079754601227,90.73482428115017,72.35,1,0.98543024
225820,0.0,0.0,91.41104294478528,84.04907975460122,97.65,0,0.00294986
225821,0.0,58.333333333333336,89.2638036809816,94.1717791411043,98.22,1,0.82874197
225840,33.33333333333333,66.66666666666666,88.65030674846625,93.55828220858896,87.58,1,0.8776709
225912,0.0,41.66666666666667,76.68711656441718,78.09847198641766,74.71,1,0.84208775
225963,16.666666666666664,50.0,55.21472392638037,72.69938650306749,63.91,1,0.98312044
226037,0.0,0.0,80.3680981595092,88.65030674846625,90.53,0,0.007926539
226081,0.0,0.0,89.2638036809816,93.61022364217251,92.94,0,0.0069483835
226108,8.333333333333332,25.0,84.3558282208589,87.11656441717791,90.0,1,0.9054089
226133,0.0,16.666666666666664,96.93251533742331,96.62576687116564,98.82,0,0.3275226
226179,0.0,0.0,91.1042944785276,90.89456869009584,92.31,0,0.00454696
226195,0.0,41.66666666666667,72.39263803680981,69.6485623003195,65.88,1,0.8654257
226209,0.0,0.0,94.78527607361963,95.39877300613497,97.65,0,0.0016872342
226227,8.333333333333332,58.333333333333336,91.41104294478528,86.80981595092024,75.29,1,0.9831648
226246,33.33333333333333,66.66666666666666,86.80981595092024,92.33128834355828,83.33,1,0.91813755
226291,0.0,8.333333333333332,87.42331288343557,82.20858895705521,85.29,1,0.7248979
226394,28.57142857142857,42.857142857142854,77.83333333333333,0.0,76.92,1,0.92712086
226395,28.57142857142857,42.857142857142854,96.62576687116564,0.0,77.88,1,0.8742472
226549,0.0,16.666666666666664,96.93251533742331,97.54601226993866,92.94,1,0.59923637
226597,33.33333333333333,66.66666666666666,91.41104294478528,95.39877300613497,89.81,1,0.94291943
226651,0.0,0.0,95.0920245398773,96.62576687116564,95.27,0,0.0019599425
226822,0.0,0.0,98.33887043189368,96.1730449251248,91.12,0,0.0032789847
226925,0.0,0.0,88.03680981595092,88.65814696485623,92.35,0,0.0058197854
227461,0.0,0.0,0.0,85.88957055214725,80.43,0,0.0045195566
227554,0.0,0.0,98.15950920245399,97.85276073619632,100.0,0,0.0016872342
227956,0.0,0.0,96.31901840490798,97.23926380368098,98.24,0,0.0016872342
228291,0.0,0.0,92.63803680981594,95.0479233226837,94.71,0,0.0019599425
229208,0.0,0.0,98.46625766871165,98.46625766871165,98.82,0,0.0015063544
229245,0.0,25.0,96.62576687116564,98.56230031948881,84.71,0,0.1897555
229744,8.333333333333332,41.66666666666667,98.15950920245399,99.079754601227,95.29,1,0.7778878
229829,0.0,8.333333333333332,88.65030674846625,92.33128834355828,97.06,0,0.15453608
230084,8.333333333333332,91.66666666666666,95.70552147239265,96.0122699386503,77.65,1,0.9873469
230173,0.0,0.0,76.99386503067484,80.3680981595092,92.35,0,0.0111538125
230193,0.0,0.0,83.33333333333334,80.55555555555556,85.29,0,0.0065792296
230233,0.0,41.66666666666667,76.07361963190185,80.98159509202453,75.29,1,0.84208775
230360,8.333333333333332,0.0,93.25153374233128,91.69329073482429,98.82,0,0.009915439
230557,0.0,16.666666666666664,95.0920245398773,89.57055214723927,82.94,1,0.8546891
230680,0.0,0.0,96.0122699386503,95.39877300613497,94.71,0,0.0019599425
230747,0.0,0.0,91.41104294478528,93.25153374233128,94.71,0,0.0019599425
231193,0.0,0.0,92.94478527607362,95.2076677316294,91.18,0,0.0032789847
231302,0.0,16.666666666666664,91.71779141104295,93.86503067484662,96.47,0,0.37343648
231658,0.0,0.0,89.2638036809816,87.11656441717791,98.82,0,0.0028852783
232700,0.0,16.666666666666664,94.47852760736197,97.85276073619632,97.65,0,0.3275226
233530,8.333333333333332,91.66666666666666,80.06134969325154,85.88957055214725,52.38,1,0.98998356
233879,0.0,0.0,64.7239263803681,62.88343558282209,90.0,0,0.010091391
234939,0.0,25.0,92.02453987730061,90.41533546325878,84.12,0,0.45138618
235087,0.0,0.0,92.02453987730061,97.23926380368098,85.88,0,0.003557994
235088,0.0,16.666666666666664,81.28834355828221,89.57055214723927,89.41,1,0.74456877
235259,0.0,0.0,91.71779141104295,90.49079754601227,76.47,0,0.0029474655
235296,0.0,16.666666666666664,75.4601226993865,75.76687116564416,84.71,1,0.8614038
235297,0.0,0.0,86.50306748466258,86.50306748466258,92.35,0,0.007198612
235298,16.666666666666664,0.0,82.20858895705521,90.79754601226993,79.41,0,0.057817895
235358,0.0,16.666666666666664,88.65030674846625,91.71779141104295,91.18,1,0.6294217
235449,0.0,0.0,72.08588957055214,75.4601226993865,57.06,0,0.0076226564
235521,0.0,0.0,68.09815950920245,79.4478527607362,80.59,0,0.0095120305
235983,0.0,27.27272727272727,87.11656441717791,89.2638036809816,78.82,1,0.5090949
236096,25.0,58.333333333333336,84.3558282208589,88.65030674846625,79.29,1,0.9555968
236208,0.0,0.0,97.54601226993866,97.85276073619632,97.65,0,0.0016872342
236259,8.333333333333332,50.0,97.54601226993866,95.39877300613497,90.59,1,0.9728327
236572,0.0,8.333333333333332,94.78527607361963,93.86503067484662,100.0,0,0.096442275
236849,0.0,0.0,92.94478527607362,90.79754601226993,71.18,0,0.0035320995
236850,0.0,25.0,93.86503067484662,95.39877300613497,88.82,0,0.06866951
237176,0.0,0.0,96.0122699386503,95.39877300613497,95.29,0,0.0019599425
237304,0.0,25.0,74.5398773006135,74.76038338658148,89.41,0,0.30480906
237321,0.0,0.0,70.24539877300614,80.3680981595092,85.21,0,0.0070783454
237455,0.0,25.0,65.11627906976744,76.07361963190185,83.83,1,0.5525615
237456,0.0,25.0,86.71096345514951,91.41104294478528,85.88,0,0.16370192
237457,0.0,33.33333333333333,65.33742331288343,70.5521472392638,82.04,1,0.870043
238137,0.0,8.333333333333332,95.39877300613497,96.0122699386503,77.06,1,0.6472212
238275,0.0,8.333333333333332,83.43558282208589,86.80981595092024,89.41,0,0.407448
238494,8.333333333333332,16.666666666666664,71.16564417177914,67.48466257668711,79.41,1,0.98248094
238761,8.333333333333332,8.333333333333332,86.80981595092024,82.9073482428115,80.0,1,0.8808409
238796,0.0,0.0,97.85276073619632,96.31901840490798,99.41,0,0.0016872342
238966,0.0,25.0,78.83435582822086,84.04907975460122,93.53,0,0.46152407
239007,0.0,0.0,97.23926380368098,96.48562300319489,77.06,0,0.0025084896
239008,8.333333333333332,16.666666666666664,96.31901840490798,98.77300613496932,95.29,1,0.62291765
239109,0.0,0.0,87.73006134969326,84.04907975460122,88.82,0,0.003186054
239116,0.0,0.0,94.47852760736197,92.02453987730061,100.0,0,0.0017752175
239117,0.0,0.0,95.70552147239265,93.86503067484662,100.0,0,0.0016872342
239145,0.0,0.0,93.55828220858896,94.1717791411043,90.0,0,0.0032789847
239146,8.333333333333332,0.0,97.23926380368098,97.85276073619632,98.24,0,0.007609088
239257,0.0,9.090909090909092,85.88957055214725,92.02453987730061,90.53,0,0.3176213
239264,0.0,0.0,93.25153374233128,90.49079754601227,95.88,0,0.0025478627
239265,0.0,0.0,95.0920245398773,92.33128834355828,95.88,0,0.0020621193
239368,0.0,0.0,94.47852760736197,94.88817891373802,89.94,0,0.0032789847
239489,0.0,0.0,92.02453987730061,92.33128834355828,93.53,0,0.005430074
239490,0.0,0.0,94.1717791411043,95.39877300613497,97.06,0,0.0020015293
239736,0.0,0.0,90.1840490797546,96.0122699386503,97.06,0,0.0020015293
239833,0.0,0.0,84.96932515337423,88.34355828220859,55.88,0,0.004745364
240097,0.0,15.384615384615385,94.47852760736197,95.70552147239265,94.71,0,0.36923304
240102,16.666666666666664,58.333333333333336,85.88957055214725,88.95705521472392,53.42,1,0.98038906
240159,0.0,0.0,89.87730061349694,81.59509202453987,91.18,0,0.00572595
240165,0.0,0.0,94.78527607361963,97.85276073619632,98.82,0,0.0016872342
240186,0.0,8.333333333333332,78.52760736196319,82.82208588957054,98.24,0,0.26914588
240589,16.666666666666664,16.666666666666664,97.54601226993866,97.54601226993866,90.0,1,0.7746496
240598,0.0,0.0,0.0,0.0,9.09,0,0.025203554
240637,16.666666666666664,41.66666666666667,79.14110429447852,84.04907975460122,81.76,1,0.92643726
240830,8.333333333333332,33.33333333333333,93.86503067484662,93.86503067484662,97.65,0,0.3339809
240885,0.0,16.666666666666664,88.03680981595092,79.4478527607362,90.59,1,0.7703762
240889,0.0,8.333333333333332,95.70552147239265,96.93251533742331,80.59,1,0.6965442
240898,0.0,0.0,97.85276073619632,96.31901840490798,96.47,0,0.0020639512
240957,0.0,66.66666666666666,77.74086378737542,81.59509202453987,60.36,1,0.91795963
240989,0.0,66.66666666666666,75.76687116564416,77.30061349693251,62.94,1,0.94910043
241120,0.0,0.0,64.7239263803681,62.88343558282209,82.94,0,0.030028155
241132,0.0,0.0,98.15950920245399,94.78527607361963,86.47,0,0.0033615208
241230,0.0,50.0,94.78527607361963,91.1042944785276,85.29,1,0.8303225
241366,0.0,91.66666666666666,97.85276073619632,94.47852760736197,96.47,1,0.8490904
241367,0.0,8.333333333333332,93.86503067484662,87.11656441717791,97.65,0,0.152039
241446,0.0,0.0,95.39877300613497,88.34355828220859,75.88,0,0.0029474655
241506,0.0,50.0,89.2638036809816,83.74233128834356,67.65,1,0.85046023
241613,0.0,8.333333333333332,93.25153374233128,92.33128834355828,76.47,1,0.65875876
241618,0.0,25.0,96.31901840490798,92.33128834355828,87.65,0,0.11737437
241739,0.0,0.0,95.70552147239265,90.1840490797546,97.65,0,0.0021935294
241965,0.0,0.0,86.80981595092024,84.96932515337423,92.35,0,0.007816657
242626,0.0,16.666666666666664,0.0,0.0,92.94,1,0.87558913
242724,8.333333333333332,25.0,91.41104294478528,94.47852760736197,86.47,1,0.8272887
243213,0.0,0.0,91.66666666666666,93.55555555555556,98.22,0,0.0016872342
243214,0.0,0.0,97.23926380368098,95.68690095846645,97.65,0,0.0016872342
243300,0.0,50.0,84.96932515337423,89.87730061349694,89.41,1,0.9049812
243453,0.0,50.0,90.49079754601227,84.3558282208589,93.53,1,0.9289174
243500,0.0,75.0,84.96932515337423,86.50306748466258,87.06,1,0.83518076
243501,0.0,0.0,67.79141104294479,72.08588957055214,72.35,0,0.008740086
243771,0.0,16.666666666666664,95.39877300613497,95.70552147239265,98.82,0,0.3275226
243865,0.0,8.333333333333332,98.46625766871165,97.54601226993866,87.06,0,0.113886595
243974,0.0,0.0,75.76687116564416,76.68711656441718,89.41,0,0.00967531
244016,0.0,8.333333333333332,97.54601226993866,97.23926380368098,96.47,0,0.11552711
244047,0.0,14.285714285714285,94.1717791411043,0.0,88.24,1,0.76990587
244239,8.333333333333332,83.33333333333334,92.02453987730061,93.86503067484662,94.71,1,0.9809172
244435,0.0,16.666666666666664,94.1717791411043,93.55828220858896,95.88,0,0.36139527
244487,0.0,0.0,82.20858895705521,78.52760736196319,77.06,0,0.005707187
244497,0.0,0.0,75.15337423312883,72.08588957055214,80.0,0,0.011499088
244519,0.0,0.0,89.57055214723927,92.02453987730061,76.47,0,0.0029372368
244655,0.0,0.0,94.47852760736197,86.50306748466258,83.53,0,0.010383825
244660,0.0,0.0,95.0920245398773,94.1717791411043,97.06,0,0.0020015293
244747,0.0,0.0,73.00613496932516,69.01840490797547,94.12,0,0.028444491
245044,0.0,8.333333333333332,69.01840490797547,71.16564417177914,95.29,0,0.34982687
245082,0.0,8.333333333333332,90.49079754601227,88.95705521472392,89.41,0,0.21274969
246009,25.0,25.0,35.294117647058826,0.0,75.51,1,0.8004838
246401,0.0,25.0,86.1963190184049,84.04907975460122,68.82,1,0.8209109
246666,0.0,0.0,97.23926380368098,96.62576687116564,87.06,0,0.009197304
246855,0.0,0.0,92.63803680981594,91.1042944785276,93.53,0,0.004914485
246908,0.0,0.0,79.14110429447852,73.61963190184049,91.18,0,0.008222446
246909,0.0,0.0,87.73006134969326,88.65030674846625,89.41,0,0.0035677687
246979,0.0,50.0,85.58282208588957,88.03680981595092,77.06,1,0.9927699
247000,0.0,0.0,80.3680981595092,82.82208588957054,86.47,0,0.027814128
247035,0.0,16.666666666666664,75.15337423312883,73.31288343558282,38.24,1,0.9783851
247108,0.0,0.0,0.0,73.61963190184049,70.21,0,0.1023932
247333,8.333333333333332,50.0,89.57055214723927,83.70607028753993,57.4,1,0.9964948
247339,0.0,8.333333333333332,87.73006134969326,75.08305647840533,76.47,1,0.96976095
247341,0.0,0.0,90.79754601226993,92.63803680981594,81.18,0,0.028077384
247358,0.0,16.666666666666664,86.50306748466258,89.2638036809816,97.06,1,0.66204405
247399,0.0,0.0,81.28834355828221,78.52760736196319,98.82,0,0.003825172
247431,0.0,0.0,95.70552147239265,92.94478527607362,86.47,0,0.015738867
247487,0.0,0.0,98.46625766871165,98.46625766871165,91.18,0,0.0023464207
247913,0.0,0.0,93.86503067484662,89.57055214723927,98.82,0,0.0019846398
248684,0.0,0.0,96.31901840490798,96.31901840490798,87.06,0,0.009197304
248746,0.0,0.0,76.68711656441718,76.99386503067484,92.35,0,0.009568826
248747,0.0,0.0,80.06134969325154,74.92012779552716,99.41,0,0.003825172
248934,16.666666666666664,0.0,93.55828220858896,93.25153374233128,94.71,0,0.013080932
248964,0.0,0.0,88.03680981595092,83.74233128834356,83.53,0,0.068229355
249051,0.0,16.666666666666664,86.80981595092024,91.41104294478528,80.0,1,0.96582174
249052,0.0,0.0,95.39877300613497,95.0920245398773,81.76,0,0.026720695
249225,0.0,0.0,92.02453987730061,92.63803680981594,80.0,0,0.028277284
249355,0.0,25.0,93.25153374233128,95.0920245398773,93.53,0,0.29446512
249405,0.0,0.0,97.54601226993866,96.64536741214057,89.41,0,0.0025231529
249607,0.0,18.181818181818183,95.0920245398773,94.1717791411043,72.94,1,0.93840724
249863,0.0,25.0,96.62576687116564,93.25153374233128,75.88,1,0.68222857
250385,0.0,8.333333333333332,94.78527607361963,92.33128834355828,77.06,1,0.9442799
251123,0.0,8.333333333333332,77.60736196319019,83.43558282208589,76.47,1,0.9819598
251310,16.666666666666664,41.66666666666667,86.50306748466258,91.71779141104295,80.0,1,0.9707517
251312,16.666666666666664,41.66666666666667,76.66666666666667,76.33333333333333,83.43,1,0.9852482
251416,0.0,0.0,77.91411042944786,88.03680981595092,82.35,0,0.06424175
252213,0.0,0.0,98.46625766871165,98.77300613496932,91.18,0,0.0023464207
252285,0.0,0.0,74.84662576687117,70.5521472392638,88.82,0,0.0028216776
252553,0.0,0.0,95.0920245398773,97.23926380368098,94.12,0,0.005501596
252629,0.0,0.0,0.0,0.0,66.47,0,0.36954552
252658,0.0,0.0,89.2638036809816,88.95705521472392,91.18,0,0.0040097428
252805,0.0,0.0,87.42331288343557,87.73006134969326,96.47,0,0.0033771868
252931,8.333333333333332,8.333333333333332,96.93251533742331,98.77300613496932,91.76,0,0.18151705
252936,0.0,0.0,73.92638036809815,71.77914110429448,69.41,0,0.10258291
252937,8.333333333333332,50.0,94.78527607361963,97.23926380368098,73.53,1,0.9954359
252939,0.0,0.0,89.2638036809816,88.95705521472392,94.12,0,0.009137507
252954,0.0,0.0,71.77914110429448,68.40490797546013,78.24,0,0.08281119
252955,0.0,0.0,97.23926380368098,95.39877300613497,89.41,0,0.0025231529
253099,16.666666666666664,8.333333333333332,94.47852760736197,89.2638036809816,93.53,1,0.5462383
253179,0.0,50.0,87.11656441717791,85.58282208588957,78.82,1,0.98945236
253807,0.0,0.0,84.66257668711657,82.42811501597444,89.94,0,0.006212831
253911,0.0,50.0,87.73006134969326,91.21405750798722,75.88,1,0.9886741
253915,0.0,41.66666666666667,83.43558282208589,83.74233128834356,72.35,1,0.96389174
254168,0.0,8.333333333333332,97.85276073619632,97.85276073619632,93.53,0,0.31167468
254198,0.0,8.333333333333332,92.02453987730061,88.65030674846625,90.59,0,0.24094065
254240,0.0,0.0,94.47852760736197,91.1042944785276,94.71,0,0.0018657199
254258,0.0,0.0,97.23926380368098,93.55828220858896,100.0,0,0.0015264847
254578,8.333333333333332,50.0,70.5521472392638,77.60736196319019,88.82,1,0.9783654
254697,16.666666666666664,16.666666666666664,74.84662576687117,80.98159509202453,67.06,1,0.97138894
255152,0.0,8.333333333333332,86.50306748466258,85.88957055214725,88.82,0,0.15234086
255280,0.0,0.0,90.49079754601227,93.25153374233128,87.06,0,0.009197304
255447,0.0,0.0,87.73006134969326,93.25153374233128,96.47,0,0.0023621137
255939,8.333333333333332,16.666666666666664,94.78527607361963,95.70552147239265,78.24,1,0.949004
256189,0.0,0.0,56.14617940199336,80.06134969325154,78.82,0,0.06272774
256382,0.0,0.0,92.0,0.0,97.96,0,0.01880447
256479,0.0,0.0,95.70552147239265,98.15950920245399,95.29,0,0.001773259
256584,0.0,0.0,94.6843853820598,95.2076677316294,75.88,0,0.025088938
256867,0.0,8.333333333333332,91.41104294478528,90.79754601226993,92.94,0,0.3706631
257060,0.0,0.0,82.82208588957054,81.28834355828221,83.53,0,0.09430842
257212,33.33333333333333,50.0,40.49079754601227,54.601226993865026,77.78,1,0.9701341
257365,25.0,41.66666666666667,92.33128834355828,94.1717791411043,66.27,1,0.9455228
257527,0.0,0.0,90.49079754601227,91.1042944785276,93.53,0,0.004914485
257554,0.0,16.666666666666664,95.39877300613497,98.15950920245399,88.82,0,0.32293576
257859,0.0,72.72727272727273,89.2638036809816,82.74760383386581,92.81,1,0.9701496
257986,33.33333333333333,66.66666666666666,80.06134969325154,84.3558282208589,65.88,1,0.9808957
258208,33.33333333333333,66.66666666666666,86.50306748466258,86.50306748466258,78.24,1,0.98238486
258276,0.0,25.0,88.95705521472392,83.54632587859425,82.84,1,0.8006114
258494,8.333333333333332,8.333333333333332,81.59509202453987,86.50306748466258,69.41,1,0.9801041
258743,0.0,0.0,94.47852760736197,95.0920245398773,97.06,0,0.0018108918
258757,0.0,0.0,88.34355828220859,82.20858895705521,83.53,0,0.068229355
259602,8.333333333333332,41.66666666666667,98.15950920245399,96.93251533742331,98.24,1,0.8823148
259603,0.0,25.0,89.2638036809816,83.74233128834356,81.76,1,0.78673947
259675,0.0,0.0,80.67484662576688,79.75460122699386,79.41,0,0.0548231
259678,0.0,0.0,88.34355828220859,88.65030674846625,91.18,0,0.0040097428
259791,16.666666666666664,0.0,86.1963190184049,89.57055214723927,78.24,0,0.09852015
259831,0.0,0.0,89.87730061349694,89.57055214723927,93.53,0,0.006068033
259847,33.33333333333333,66.66666666666666,92.63803680981594,95.36741214057508,75.6,1,0.9722393
259899,8.333333333333332,91.66666666666666,94.78527607361963,91.1042944785276,79.88,1,0.99750865
259906,0.0,75.0,86.80981595092024,88.95705521472392,90.59,1,0.94913363
259911,0.0,16.666666666666664,95.70552147239265,95.70552147239265,82.35,1,0.9420491
259977,25.0,8.333333333333332,88.03680981595092,86.80981595092024,75.74,1,0.92669284
260007,8.333333333333332,41.66666666666667,85.88957055214725,84.96932515337423,82.94,1,0.9928155
260102,0.0,25.0,87.73006134969326,86.50306748466258,97.06,0,0.28165442
260199,0.0,16.666666666666664,74.33333333333333,66.66666666666666,91.12,1,0.86470085
260225,0.0,0.0,86.50306748466258,84.04907975460122,92.94,0,0.009746413
260252,0.0,27.27272727272727,69.6319018404908,78.83435582822086,92.94,1,0.73362124
260445,0.0,0.0,94.78527607361963,96.0122699386503,85.88,0,0.014969176
260446,0.0,0.0,95.39877300613497,94.47852760736197,92.94,0,0.004671641
260486,8.333333333333332,0.0,71.33333333333334,67.77777777777779,84.71,0,0.19035242
260605,0.0,0.0,85.88957055214725,80.06134969325154,84.12,0,0.09430842
260640,0.0,0.0,82.51533742331289,73.61963190184049,60.59,0,0.05416266
260649,8.333333333333332,50.0,90.1840490797546,92.94478527607362,67.65,1,0.99645364
260778,0.0,8.333333333333332,90.1840490797546,91.71779141104295,92.94,0,0.32270232
261155,0.0,0.0,89.2638036809816,92.94478527607362,96.47,0,0.0023621137
261235,0.0,44.44444444444444,88.65030674846625,71.09634551495017,66.67,1,0.95668125
261318,0.0,66.66666666666666,92.02453987730061,90.79754601226993,91.18,1,0.9463202
261366,0.0,0.0,81.28834355828221,74.23312883435584,76.47,0,0.060045514
261390,33.33333333333333,0.0,80.06134969325154,80.67484662576688,87.65,0,0.011793626
261807,0.0,0.0,81.59509202453987,89.87730061349694,87.65,0,0.01501345
261831,8.333333333333332,0.0,77.91411042944786,73.00613496932516,69.41,0,0.16360475
262527,0.0,0.0,92.33333333333333,93.66666666666667,94.71,0,0.001773259
262799,0.0,8.333333333333332,82.51533742331289,78.83435582822086,87.65,1,0.505851
262914,16.666666666666664,41.66666666666667,89.87730061349694,89.57055214723927,75.88,1,0.9521271
263450,16.666666666666664,0.0,72.0,57.77777777777777,91.76,0,0.049141582
263691,0.0,0.0,88.95705521472392,83.12883435582822,85.88,0,0.021700826
263758,0.0,8.333333333333332,88.03680981595092,92.33128834355828,87.65,0,0.3241054
263839,0.0,16.666666666666664,84.96932515337423,85.88957055214725,83.53,1,0.98249555
263895,0.0,16.666666666666664,97.23926380368098,96.93251533742331,93.53,1,0.69952595
264010,0.0,25.0,88.95705521472392,87.42331288343557,88.82,0,0.14280082
264182,0.0,8.333333333333332,97.85276073619632,95.39877300613497,94.12,0,0.34797773
264206,0.0,8.333333333333332,93.25153374233128,95.70552147239265,99.41,0,0.12853256
264244,0.0,0.0,96.31901840490798,91.1042944785276,90.0,0,0.002654613
264433,8.333333333333332,58.333333333333336,95.0920245398773,95.39877300613497,90.0,1,0.9911521
264434,8.333333333333332,58.333333333333336,89.2638036809816,90.1840490797546,78.82,1,0.9977581
264472,0.0,8.333333333333332,97.54601226993866,96.93251533742331,78.24,1,0.94537807
264805,25.0,41.66666666666667,92.02453987730061,88.95705521472392,89.94,1,0.94438285
264829,0.0,50.0,86.1963190184049,87.42331288343557,72.94,1,0.99239784
264859,0.0,0.0,94.47852760736197,0.0,88.64,0,0.01337992
264910,0.0,0.0,79.75460122699386,78.83435582822086,83.53,0,0.09977618
265034,0.0,41.66666666666667,0.0,0.0,74.71,1,0.9795411
265219,0.0,0.0,89.87730061349694,93.25153374233128,75.29,0,0.023323642
265584,0.0,8.333333333333332,88.95705521472392,91.1042944785276,87.65,0,0.3241054
266101,0.0,0.0,93.25153374233128,88.34355828220859,95.88,0,0.0023053072
266131,0.0,33.33333333333333,91.71779141104295,93.55828220858896,89.94,0,0.4403206
266208,8.333333333333332,50.0,90.1840490797546,93.55828220858896,51.18,1,0.9950895
266226,0.0,16.666666666666664,83.43558282208589,84.04907975460122,95.88,1,0.7734582
266227,0.0,16.666666666666664,77.60736196319019,82.20858895705521,95.27,1,0.78579754
266901,0.0,0.0,83.12883435582822,77.91411042944786,70.59,0,0.07503131
267658,8.333333333333332,50.0,97.23926380368098,95.70552147239265,88.24,1,0.97078395
267770,0.0,8.333333333333332,0.0,0.0,87.06,1,0.77218735
267835,0.0,0.0,85.2760736196319,84.3558282208589,73.53,0,0.049747474
267836,0.0,8.333333333333332,91.1042944785276,82.10862619808307,92.9,0,0.45249084
268075,33.33333333333333,41.66666666666667,76.07361963190185,70.85889570552148,78.82,1,0.97154576
268166,0.0,100.0,71.0,55.00000000000001,92.37,1,0.96316934
268204,33.33333333333333,66.66666666666666,90.49079754601227,90.49079754601227,63.53,1,0.9680387
268307,0.0,9.090909090909092,0.0,0.0,96.47,1,0.66910785
268495,0.0,0.0,0.0,0.0,98.24,0,0.0056016874
268512,0.0,0.0,93.86503067484662,91.1042944785276,88.24,0,0.001000901
268596,0.0,0.0,0.0,0.0,94.71,0,0.007846177
268671,0.0,0.0,0.0,0.0,72.35,0,0.1173918
268673,0.0,0.0,0.0,0.0,54.71,0,0.29801425
268796,0.0,0.0,0.0,0.0,96.47,0,0.008259965
268937,0.0,8.333333333333332,89.87730061349694,89.2638036809816,90.0,0,0.24094065
269065,0.0,33.33333333333333,89.33333333333333,93.11111111111111,97.04,0,0.36328948
269066,0.0,33.33333333333333,87.42331288343557,80.67092651757189,97.06,1,0.67198026
269160,0.0,66.66666666666666,90.1840490797546,84.04907975460122,90.0,1,0.9463202
269255,9.090909090909092,54.54545454545454,81.90184049079755,84.185303514377,83.33,1,0.9887186
269319,27.27272727272727,36.36363636363637,88.65030674846625,86.26198083067092,81.76,1,0.91883755
269393,0.0,0.0,0.0,0.0,97.65,0,0.0056016874
269478,25.0,50.0,0.0,0.0,41.56,1,0.99474335
269496,0.0,0.0,86.33333333333333,83.88888888888889,92.94,0,0.009746413
269547,0.0,0.0,0.0,0.0,99.41,0,0.0056016874
269609,8.333333333333332,16.666666666666664,0.0,0.0,82.94,1,0.98581463
269636,0.0,0.0,83.43558282208589,88.34355828220859,92.35,0,0.0076317443
269674,8.333333333333332,25.0,83.43558282208589,80.67484662576688,80.0,1,0.98453134
269817,0.0,0.0,0.0,0.0,94.12,0,0.019303964
269974,0.0,16.666666666666664,0.0,0.0,94.71,1,0.8772918
270156,0.0,58.333333333333336,0.0,0.0,88.24,1,0.9054125
270799,0.0,16.666666666666664,0.0,0.0,81.76,1,0.97780937
270910,0.0,0.0,87.11656441717791,83.12883435582822,95.29,0,0.0034837753
270912,0.0,0.0,95.0920245398773,97.54601226993866,95.86,0,0.001773259
270989,0.0,0.0,0.0,0.0,89.41,0,0.010216612
271158,0.0,8.333333333333332,0.0,0.0,93.53,1,0.8021648
271690,0.0,8.333333333333332,0.0,0.0,92.35,1,0.76831144
271697,0.0,9.090909090909092,93.55828220858896,91.41104294478528,92.35,0,0.23482646
271845,16.666666666666664,50.0,0.0,0.0,79.41,1,0.99714077
271881,0.0,0.0,0.0,0.0,79.59,0,0.084073596
272100,0.0,0.0,0.0,0.0,92.94,0,0.016426267
272848,0.0,8.333333333333332,0.0,0.0,90.0,1,0.71478134
272892,0.0,0.0,0.0,0.0,88.82,0,0.0036406089
273403,8.333333333333332,33.33333333333333,84.96932515337423,78.22085889570552,72.35,1,0.9896275
273620,0.0,0.0,0.0,0.0,97.06,0,0.008011657
273736,0.0,41.66666666666667,69.0,57.44444444444444,94.12,1,0.915189
273853,0.0,0.0,87.11656441717791,84.82428115015975,77.51,0,0.039092135
273854,0.0,0.0,0.0,0.0,64.71,0,0.36954552
273862,0.0,0.0,0.0,0.0,92.94,0,0.016426267
273921,0.0,0.0,87.11656441717791,84.66257668711657,84.12,0,0.06968021
273949,0.0,0.0,82.51533742331289,84.3558282208589,97.65,0,0.00375657
274013,0.0,8.333333333333332,0.0,0.0,81.18,1,0.98602086
274179,0.0,0.0,0.0,0.0,88.24,0,0.0031654404
274185,0.0,0.0,78.52760736196319,80.67484662576688,87.65,0,0.018394096
274621,0.0,8.333333333333332,94.1717791411043,94.47852760736197,90.0,0,0.19616185
274715,0.0,8.333333333333332,92.02453987730061,95.0920245398773,92.35,0,0.22580065
274716,0.0,8.333333333333332,98.46625766871165,96.96485623003196,92.31,0,0.22580065
274736,0.0,10.0,68.66666666666667,71.77777777777777,84.67,1,0.98590845
274778,0.0,0.0,74.84662576687117,78.83435582822086,78.24,0,0.0830258
274866,25.0,58.333333333333336,94.1717791411043,93.61022364217251,93.08,1,0.9873696
274884,0.0,0.0,92.94478527607362,89.2638036809816,88.24,0,0.0012369786
274895,0.0,0.0,73.92638036809815,76.99386503067484,77.06,0,0.077707246
274958,0.0,8.333333333333332,87.0,88.88888888888889,89.41,0,0.2755275
274959,0.0,8.333333333333332,92.02453987730061,89.57055214723927,80.0,1,0.9556321
274971,0.0,0.0,84.96932515337423,85.58282208588957,97.06,0,0.0043377583
275211,0.0,0.0,0.0,0.0,95.29,0,0.007846177
275249,0.0,0.0,0.0,0.0,96.47,0,0.008259965
275251,0.0,16.666666666666664,0.0,0.0,92.94,1,0.9378809
275253,0.0,16.666666666666664,92.63803680981594,90.89456869009584,93.53,1,0.78702646
275271,0.0,8.333333333333332,82.20858895705521,77.91411042944786,92.94,1,0.66857433
275506,0.0,0.0,0.0,0.0,92.35,0,0.013474499
275540,0.0,8.333333333333332,0.0,0.0,95.88,1,0.65753794
275659,16.666666666666664,33.33333333333333,0.0,0.0,83.53,1,0.98919976
275665,0.0,25.0,76.99386503067484,86.80981595092024,84.62,1,0.8264146
275702,0.0,8.333333333333332,89.2638036809816,90.1840490797546,90.0,0,0.28258127
275719,0.0,0.0,0.0,0.0,94.71,0,0.007846177
275722,0.0,0.0,62.66666666666667,46.44444444444444,82.35,0,0.23754072
275759,57.14285714285714,28.57142857142857,78.22085889570552,0.0,69.23,1,0.9645309
275778,0.0,0.0,81.66666666666667,77.44444444444444,89.41,0,0.006145471
275785,0.0,0.0,0.0,0.0,95.88,0,0.007846177
275814,0.0,0.0,0.0,0.0,89.41,0,0.010216612
275842,0.0,0.0,93.55828220858896,94.78527607361963,88.76,0,0.0010320437
275961,0.0,66.66666666666666,0.0,0.0,97.06,1,0.9621402
276161,0.0,16.666666666666664,87.11656441717791,88.95705521472392,79.41,1,0.97094774
276351,0.0,0.0,90.1840490797546,89.87730061349694,91.76,0,0.0032794632
276560,0.0,33.33333333333333,74.23312883435584,69.01840490797547,78.24,1,0.9702445
276591,7.6923076923076925,7.6923076923076925,0.0,0.0,69.41,1,0.98526484
276666,0.0,8.333333333333332,86.04651162790698,89.87730061349694,74.12,1,0.9733043
276670,0.0,16.666666666666664,85.58282208588957,86.1963190184049,72.94,1,0.97830427
276671,0.0,50.0,91.1042944785276,88.65030674846625,82.84,1,0.99122685
276672,0.0,25.0,90.79754601226993,90.79754601226993,75.74,1,0.78480214
276686,0.0,0.0,0.0,0.0,83.53,0,0.15899265
276689,0.0,16.666666666666664,95.0920245398773,95.39877300613497,90.0,1,0.5564792
276829,0.0,0.0,88.03680981595092,88.34355828220859,82.35,0,0.03584748
276896,16.666666666666664,16.666666666666664,81.72757475083057,85.88957055214725,68.24,1,0.96057355
276956,0.0,0.0,0.0,0.0,90.0,0,0.010216612
277027,0.0,0.0,87.42331288343557,85.2760736196319,95.88,0,0.0034837753
277234,0.0,16.666666666666664,74.5398773006135,74.23312883435584,85.88,1,0.9150139
277235,0.0,16.666666666666664,90.79754601226993,89.87730061349694,94.71,1,0.5830959
277238,0.0,16.666666666666664,79.75460122699386,87.42331288343557,95.88,1,0.7665976
277342,0.0,0.0,87.33333333333333,92.44444444444444,98.22,0,0.0018255763
277348,0.0,8.333333333333332,0.0,0.0,99.41,1,0.57764786
277398,0.0,50.0,90.49079754601227,88.95705521472392,59.41,1,0.98556095
277546,0.0,0.0,86.50306748466258,80.83067092651757,91.76,0,0.005038869
277722,0.0,0.0,0.0,0.0,87.65,0,0.031237131
277727,8.333333333333332,91.66666666666666,0.0,0.0,88.82,1,0.9740935
277764,0.0,8.333333333333332,90.49079754601227,90.79754601226993,88.82,0,0.10083659
277868,0.0,18.181818181818183,79.14110429447852,83.70607028753993,92.35,1,0.8792164
277869,0.0,18.181818181818183,78.16666666666666,83.77777777777777,94.12,1,0.9377306
277935,33.33333333333333,41.66666666666667,94.1717791411043,93.86503067484662,84.02,1,0.97077405
278116,0.0,8.333333333333332,83.12883435582822,80.3680981595092,93.53,1,0.6546019
278502,8.333333333333332,16.666666666666664,88.03680981595092,88.03680981595092,91.18,1,0.8802848
278518,0.0,8.333333333333332,0.0,0.0,87.06,1,0.77218735
279049,0.0,16.666666666666664,92.02453987730061,93.25153374233128,80.59,1,0.9437375
279253,0.0,0.0,97.85276073619632,98.46625766871165,96.47,0,0.0017365003
279257,0.0,0.0,0.0,0.0,93.53,0,0.016426267
279353,0.0,0.0,95.0920245398773,94.78527607361963,94.71,0,0.001773259
279354,0.0,0.0,80.98159509202453,73.61963190184049,97.63,0,0.004236857
279882,0.0,16.666666666666664,0.0,0.0,95.88,1,0.8772918
279959,0.0,0.0,76.38036809815951,82.51533742331289,85.88,0,0.029823894
280258,0.0,8.333333333333332,0.0,0.0,77.65,1,0.9859487
280472,0.0,0.0,92.33128834355828,93.86503067484662,88.24,0,0.00095125777
280479,0.0,36.36363636363637,82.82208588957054,84.3558282208589,83.53,1,0.9657746
280544,0.0,8.333333333333332,0.0,0.0,77.06,1,0.9859487
280599,33.33333333333333,44.44444444444444,0.0,0.0,46.48,1,0.9909265
280688,0.0,16.666666666666664,95.39877300613497,96.31901840490798,98.24,0,0.43127415
280893,0.0,18.181818181818183,90.49079754601227,83.86581469648561,92.35,1,0.769587
280894,0.0,18.181818181818183,68.83333333333333,66.44444444444444,88.82,1,0.6464308
280895,0.0,18.181818181818183,85.58282208588957,82.51533742331289,83.53,1,0.9822534
281026,25.0,33.33333333333333,0.0,0.0,74.12,1,0.9672278
281450,0.0,0.0,94.47852760736197,89.2638036809816,92.94,0,0.006068033
281666,8.333333333333332,25.0,86.33333333333333,83.88888888888889,60.0,1,0.957983
281826,0.0,16.666666666666664,95.70552147239265,90.79754601226993,94.71,1,0.5830959
282023,0.0,16.666666666666664,0.0,0.0,80.0,1,0.97769576
282146,0.0,8.333333333333332,71.16564417177914,79.4478527607362,79.29,1,0.9847595
282147,0.0,0.0,88.03680981595092,80.5111821086262,95.88,0,0.0034837753
282274,16.666666666666664,0.0,0.0,0.0,73.53,0,0.11021973
282397,0.0,8.333333333333332,0.0,0.0,90.59,1,0.71478134
282399,0.0,8.333333333333332,97.54601226993866,97.11999999999999,92.35,0,0.22580065
282564,7.142857142857142,14.285714285714285,85.88957055214725,90.49079754601227,93.49,1,0.96207577
282631,33.33333333333333,66.66666666666666,73.31288343558282,69.01840490797547,80.37,1,0.981248
282702,8.333333333333332,33.33333333333333,99.38650306748467,99.079754601227,94.71,0,0.40627906
283177,0.0,0.0,93.25153374233128,89.87730061349694,92.94,0,0.006068033
283377,0.0,16.666666666666664,0.0,0.0,87.06,1,0.9089754
283436,0.0,0.0,0.0,0.0,84.71,0,0.09843092
283501,8.333333333333332,66.66666666666666,92.33128834355828,88.03680981595092,85.29,1,0.99695575
283782,0.0,8.333333333333332,0.0,0.0,91.18,1,0.71478134
283968,66.66666666666666,33.33333333333333,0.0,0.0,35.9,1,0.982485
284295,18.181818181818183,72.72727272727273,77.60736196319019,75.15337423312883,82.35,1,0.9980599
284296,18.181818181818183,72.72727272727273,89.70099667774086,92.94478527607362,85.8,1,0.99689865
284332,0.0,8.333333333333332,95.39877300613497,95.39877300613497,97.06,0,0.14894986
284384,8.333333333333332,0.0,0.0,0.0,89.41,0,0.015003912
284563,0.0,8.333333333333332,0.0,0.0,83.53,1,0.99361694
284665,0.0,36.36363636363637,0.0,0.0,70.59,1,0.98897177
284887,0.0,0.0,0.0,0.0,63.53,0,0.3306157
284891,0.0,0.0,0.0,0.0,95.29,0,0.007846177
284942,0.0,0.0,0.0,0.0,54.71,0,0.29801425
285323,0.0,0.0,0.0,0.0,95.88,0,0.007846177
285430,0.0,0.0,84.04907975460122,86.1963190184049,95.29,0,0.0042478372
285431,0.0,8.333333333333332,94.47852760736197,89.87730061349694,99.41,0,0.1609645
285491,0.0,25.0,92.33128834355828,88.34355828220859,73.53,1,0.77190596
285623,0.0,41.66666666666667,0.0,0.0,82.94,1,0.989516
285708,0.0,0.0,0.0,0.0,81.18,0,0.084476486
285839,8.333333333333332,33.33333333333333,0.0,0.0,58.24,1,0.99123377
285863,0.0,0.0,86.80981595092024,84.96932515337423,82.35,0,0.03853027
285879,0.0,0.0,93.25153374233128,96.00638977635782,96.47,0,0.0018673794
285905,0.0,50.0,84.04907975460122,78.83435582822086,58.82,1,0.987708
285973,0.0,0.0,95.0920245398773,97.23926380368098,99.41,0,0.0015264847
285986,0.0,0.0,0.0,0.0,94.71,0,0.007846177
286047,50.0,25.0,0.0,0.0,43.64,1,0.9226584
286132,16.666666666666664,25.0,0.0,0.0,92.35,1,0.94958854
286281,0.0,0.0,92.33128834355828,87.73006134969326,84.71,0,0.028010368
286353,0.0,0.0,0.0,0.0,81.18,0,0.084476486
286527,0.0,0.0,0.0,0.0,85.88,0,0.05754159
286781,0.0,41.66666666666667,92.94478527607362,94.1717791411043,84.12,1,0.96190774
286795,8.333333333333332,41.66666666666667,0.0,0.0,91.18,1,0.91312957
286829,0.0,16.666666666666664,0.0,0.0,90.0,1,0.9032098
286831,0.0,0.0,80.66666666666666,81.44444444444444,95.88,0,0.004414902
286855,0.0,25.0,85.0,88.55555555555556,92.31,0,0.36998886
287008,0.0,25.0,84.66666666666667,87.77777777777777,95.86,0,0.3024201
287095,8.333333333333332,8.333333333333332,82.51533742331289,87.11656441717791,92.94,1,0.6901321
287143,0.0,0.0,0.0,0.0,86.36,0,0.05754159
287392,0.0,0.0,91.41104294478528,86.1963190184049,90.0,0,0.0037949046
287589,0.0,0.0,0.0,0.0,90.59,0,0.010216612
287628,0.0,8.333333333333332,0.0,0.0,98.82,1,0.57764786
287864,0.0,0.0,0.0,0.0,91.18,0,0.010216612
288305,0.0,0.0,0.0,0.0,4.35,0,0.29801425
288410,25.0,16.666666666666664,0.0,0.0,82.94,1,0.96602994
288412,25.0,16.666666666666664,92.33128834355828,92.94478527607362,84.12,1,0.90146095
288433,0.0,0.0,0.0,0.0,90.59,0,0.010216612
288461,0.0,8.333333333333332,0.0,0.0,95.29,1,0.65753794
288548,0.0,0.0,0.0,0.0,90.0,0,0.010216612
288608,0.0,0.0,93.86503067484662,86.50306748466258,92.94,0,0.007018674
288619,0.0,0.0,0.0,0.0,84.12,0,0.15899265
288633,0.0,0.0,0.0,0.0,91.76,0,0.010216612
288676,0.0,8.333333333333332,0.0,0.0,91.18,1,0.71478134
288727,0.0,0.0,0.0,0.0,80.0,0,0.084073596
288932,0.0,8.333333333333332,0.0,0.0,92.94,1,0.8021648
289150,0.0,25.0,0.0,0.0,91.76,0,0.4353071
289162,0.0,8.333333333333332,0.0,0.0,75.88,1,0.9859487
289180,0.0,0.0,0.0,0.0,90.59,0,0.010216612
289194,0.0,8.333333333333332,0.0,0.0,88.24,0,0.34920448
289206,7.6923076923076925,15.384615384615385,92.02453987730061,92.02453987730061,75.29,1,0.9621753
289253,0.0,0.0,0.0,0.0,86.47,0,0.05754159
289434,25.0,50.0,90.79754601226993,95.39877300613497,72.94,1,0.9576028
289441,0.0,30.0,0.0,0.0,75.29,1,0.95167136
289521,0.0,25.0,0.0,0.0,88.82,0,0.2118443
289531,0.0,25.0,89.87730061349694,95.0920245398773,74.12,1,0.66580313
289532,0.0,25.0,86.80981595092024,83.43558282208589,83.53,1,0.8006114
289585,0.0,0.0,0.0,0.0,85.88,0,0.05754159
289611,0.0,0.0,97.23926380368098,92.02453987730061,92.94,0,0.004914485
289748,8.333333333333332,16.666666666666664,0.0,0.0,94.12,1,0.91834795
289772,8.333333333333332,50.0,0.0,0.0,74.12,1,0.9976476
289941,33.33333333333333,66.66666666666666,0.0,0.0,71.76,1,0.99540436
290016,0.0,0.0,83.12883435582822,87.73006134969326,90.0,0,0.005978139
290173,0.0,0.0,92.33128834355828,89.77635782747603,87.65,0,0.009780865
290174,0.0,0.0,86.0,87.22222222222223,91.18,0,0.0067166905
290348,0.0,0.0,0.0,0.0,78.24,0,0.084073596
290350,0.0,0.0,0.0,0.0,91.76,0,0.010216612
290429,8.333333333333332,50.0,96.62576687116564,95.39877300613497,84.71,1,0.9969079
290462,0.0,83.33333333333334,0.0,0.0,78.82,1,0.9954913
290539,0.0,66.66666666666666,80.98159509202453,76.68711656441718,50.0,1,0.98817396
290547,0.0,0.0,0.0,0.0,92.35,0,0.013474499
290853,0.0,41.66666666666667,88.65030674846625,84.3558282208589,88.82,1,0.527914
291053,0.0,0.0,0.0,0.0,78.24,0,0.084073596
291463,0.0,0.0,0.0,0.0,91.18,0,0.010216612
291507,0.0,0.0,0.0,0.0,98.82,0,0.0056016874
291766,0.0,0.0,93.86503067484662,94.1717791411043,93.53,0,0.004671641
292226,0.0,25.0,0.0,0.0,74.12,1,0.77827525
292227,0.0,25.0,84.96932515337423,86.90095846645367,81.18,1,0.83419335
292264,0.0,25.0,0.0,0.0,88.24,0,0.19501328
292287,0.0,25.0,94.47852760736197,93.9297124600639,82.84,1,0.7297202
292292,8.333333333333332,33.33333333333333,92.63803680981594,87.53993610223642,84.71,1,0.98407596
292293,8.333333333333332,16.666666666666664,79.0,72.0,90.59,1,0.93202263
292546,0.0,0.0,0.0,0.0,90.59,0,0.010216612
292547,0.0,8.333333333333332,0.0,0.0,85.29,1,0.9713656
292863,0.0,0.0,0.0,0.0,86.47,0,0.05754159
292987,0.0,0.0,81.59509202453987,83.70607028753993,87.65,0,0.017140971
293069,0.0,0.0,0.0,0.0,95.88,0,0.007846177
293214,0.0,25.0,65.4485049833887,67.15063520871144,48.24,1,0.7906004
293215,0.0,8.333333333333332,81.59509202453987,88.65030674846625,59.41,1,0.9583342
293217,0.0,9.090909090909092,61.66666666666667,62.11111111111111,63.53,1,0.9690813
293219,0.0,0.0,83.33333333333334,82.0,91.18,0,0.006980173
293226,0.0,8.333333333333332,95.70552147239265,94.72843450479233,98.82,0,0.12853256
293272,0.0,8.333333333333332,96.0122699386503,91.1042944785276,98.82,0,0.13434486
293273,0.0,16.666666666666664,87.73006134969326,88.03680981595092,99.41,1,0.66835636
293274,0.0,8.333333333333332,92.94478527607362,93.25153374233128,95.88,0,0.1463026
293307,0.0,8.333333333333332,0.0,0.0,82.35,1,0.98602086
293415,8.333333333333332,66.66666666666666,0.0,0.0,76.47,1,0.99804544
293795,8.333333333333332,0.0,93.25153374233128,88.34355828220859,84.71,0,0.10234404
294215,0.0,7.6923076923076925,82.66666666666667,83.22222222222221,99.41,0,0.25112042
294279,0.0,0.0,80.06134969325154,77.30061349693251,86.47,0,0.02955251
294286,0.0,7.6923076923076925,93.55828220858896,91.41104294478528,96.47,0,0.12576883
295117,0.0,8.333333333333332,0.0,0.0,71.18,1,0.9945214
295427,0.0,0.0,0.0,0.0,80.59,0,0.084476486
295484,0.0,0.0,0.0,0.0,91.76,0,0.010216612
295596,0.0,16.666666666666664,0.0,0.0,78.82,1,0.97769576
295625,0.0,25.0,0.0,0.0,79.41,1,0.79592973
295664,0.0,0.0,88.95705521472392,86.90095846645367,96.47,0,0.0033771868
295669,0.0,0.0,88.95705521472392,92.81150159744409,95.88,0,0.0022431135
295738,0.0,0.0,0.0,0.0,90.0,0,0.010216612
296014,0.0,58.333333333333336,0.0,0.0,65.88,1,0.9976004
296225,0.0,16.666666666666664,89.2638036809816,92.33128834355828,87.65,1,0.66822714
296334,0.0,0.0,0.0,0.0,95.29,0,0.007846177
296373,0.0,0.0,98.46625766871165,99.38650306748467,91.18,0,0.0023464207
296587,0.0,0.0,89.57055214723927,91.05431309904152,90.0,0,0.0028881456
296763,0.0,8.333333333333332,0.0,0.0,85.88,1,0.9713656
296791,0.0,0.0,0.0,0.0,98.82,0,0.0056016874
296792,0.0,0.0,91.71779141104295,96.0122699386503,97.65,0,0.0015264847
297005,8.333333333333332,91.66666666666666,0.0,0.0,87.65,1,0.99522084
297062,8.333333333333332,91.66666666666666,84.3558282208589,84.66257668711657,69.41,1,0.9986583
297264,0.0,0.0,89.33333333333333,87.1111111111111,96.47,0,0.0033771868
297553,0.0,8.333333333333332,0.0,0.0,88.24,0,0.34920448
297699,0.0,8.333333333333332,0.0,0.0,87.65,1,0.71042216
297811,0.0,8.333333333333332,0.0,0.0,90.0,1,0.71478134
297869,0.0,33.33333333333333,0.0,0.0,82.35,1,0.9713098
297924,0.0,16.666666666666664,0.0,0.0,64.71,1,0.9912981
298406,8.333333333333332,8.333333333333332,0.0,0.0,91.18,1,0.5678533
298666,0.0,0.0,91.66666666666666,94.44444444444444,97.65,0,0.0015264847
298847,0.0,0.0,0.0,0.0,77.06,0,0.084073596
298924,0.0,0.0,0.0,0.0,100.0,0,0.0056016874
298954,0.0,0.0,0.0,0.0,91.18,0,0.010216612
298960,0.0,0.0,0.0,0.0,94.12,0,0.019303964
299097,0.0,0.0,0.0,0.0,90.0,0,0.010216612
299114,0.0,66.66666666666666,93.55828220858896,91.21405750798722,94.71,1,0.92585087
299136,0.0,0.0,75.4601226993865,84.66453674121406,91.18,0,0.007521939
299195,0.0,16.666666666666664,90.79754601226993,84.96932515337423,88.24,0,0.46109048
299276,8.333333333333332,41.66666666666667,73.92638036809815,68.05111821086261,82.94,1,0.99254394
299277,8.333333333333332,41.66666666666667,77.30061349693251,74.92012779552716,88.24,1,0.9023132
299435,0.0,0.0,0.0,0.0,84.71,0,0.09843092
299518,0.0,8.333333333333332,0.0,0.0,92.94,1,0.8021648
299579,0.0,0.0,91.16666666666666,89.33333333333333,92.35,0,0.003916981
299581,0.0,0.0,94.78527607361963,96.0122699386503,88.24,0,0.00095125777
300190,0.0,0.0,73.16666666666667,74.8888888888889,88.82,0,0.0027061945
300487,0.0,0.0,0.0,0.0,58.82,0,0.29801425
300567,0.0,8.333333333333332,76.38036809815951,71.47239263803681,87.65,1,0.53423244
300657,0.0,8.333333333333332,0.0,0.0,91.18,1,0.71478134
300731,0.0,0.0,0.0,0.0,96.47,0,0.008259965
300732,0.0,0.0,0.0,0.0,93.53,0,0.016426267
300890,0.0,0.0,0.0,0.0,88.24,0,0.0031654404
301127,0.0,0.0,0.0,0.0,97.06,0,0.008011657
301133,0.0,0.0,0.0,0.0,97.65,0,0.0056016874
301160,0.0,0.0,0.0,0.0,92.35,0,0.013474499
301324,0.0,8.333333333333332,79.0,75.44444444444444,91.18,0,0.49659842
301351,0.0,0.0,0.0,0.0,95.88,0,0.007846177
301352,0.0,0.0,0.0,0.0,97.65,0,0.0056016874
301399,0.0,41.66666666666667,0.0,0.0,78.24,1,0.9815501
301434,0.0,41.66666666666667,94.78527607361963,96.00638977635782,91.18,1,0.7314277
301480,0.0,0.0,0.0,0.0,71.18,0,0.3945837
301595,0.0,0.0,0.0,0.0,97.06,0,0.008011657
301624,0.0,0.0,0.0,0.0,90.59,0,0.010216612
301626,0.0,0.0,92.33128834355828,93.86503067484662,92.94,0,0.004671641
301628,0.0,0.0,0.0,0.0,87.65,0,0.031237131
301714,0.0,0.0,95.0920245398773,89.93610223642172,93.53,0,0.006068033
301720,0.0,0.0,0.0,0.0,83.53,0,0.15899265
301743,0.0,16.666666666666664,0.0,0.0,70.59,1,0.99216706
302064,0.0,0.0,79.66666666666666,78.66666666666666,97.06,0,0.0051527573
302065,0.0,0.0,91.71779141104295,89.57055214723927,90.59,0,0.0032794632
302067,0.0,0.0,0.0,0.0,95.29,0,0.007846177
302109,0.0,12.5,85.0,92.88888888888889,96.75,0,0.017706633
302169,0.0,0.0,0.0,0.0,88.24,0,0.0031654404
302225,0.0,25.0,0.0,0.0,72.46,1,0.85446715
302313,0.0,8.333333333333332,0.0,0.0,95.29,1,0.65753794
302420,8.333333333333332,0.0,87.42331288343557,93.25153374233128,88.17,0,0.0037744774
302515,8.333333333333332,50.0,0.0,0.0,77.06,1,0.9976476
302567,0.0,16.666666666666664,0.0,0.0,54.12,1,0.9880248
302596,8.333333333333332,8.333333333333332,0.0,0.0,71.18,1,0.9896533
302656,8.333333333333332,0.0,87.11656441717791,86.1963190184049,53.85,0,0.06077724
302717,8.333333333333332,33.33333333333333,79.33333333333333,86.33333333333333,84.12,1,0.99118185
302722,7.6923076923076925,7.6923076923076925,0.0,0.0,70.0,1,0.98526484
302729,8.333333333333332,50.0,0.0,0.0,80.0,1,0.9976476
302740,0.0,0.0,0.0,0.0,92.94,0,0.016426267
302802,0.0,8.333333333333332,89.57055214723927,92.33128834355828,80.47,1,0.9616432
302855,0.0,18.181818181818183,85.2760736196319,80.3680981595092,70.59,1,0.9778441
302875,66.66666666666666,0.0,85.0,0.0,61.54,0,0.1855824
302938,8.333333333333332,25.0,87.42331288343557,85.78274760383387,84.12,1,0.9836833
302999,0.0,25.0,0.0,0.0,83.53,1,0.88395876
303110,8.333333333333332,41.66666666666667,0.0,0.0,93.53,1,0.93550354
303162,0.0,25.0,0.0,0.0,87.65,0,0.43861645
303257,0.0,16.666666666666664,0.0,0.0,91.76,1,0.9032098
303290,0.0,0.0,0.0,0.0,90.59,0,0.010216612
303307,0.0,7.6923076923076925,0.0,0.0,14.71,1,0.9889585
303390,0.0,0.0,0.0,0.0,91.76,0,0.010216612
303442,0.0,0.0,0.0,0.0,76.47,0,0.084073596
303502,0.0,0.0,0.0,0.0,95.92,0,0.007846177
303511,0.0,16.666666666666664,0.0,0.0,94.71,1,0.8772918
303640,0.0,16.666666666666664,0.0,0.0,80.0,1,0.97769576
303659,30.76923076923077,38.46153846153847,0.0,0.0,88.24,1,0.877868
303769,0.0,18.181818181818183,0.0,0.0,79.41,1,0.97769576
303789,0.0,33.33333333333333,0.0,0.0,84.12,1,0.98353887
303790,0.0,33.33333333333333,0.0,0.0,85.29,1,0.9286771
303923,8.333333333333332,58.333333333333336,0.0,0.0,94.12,1,0.9901704
303927,0.0,41.66666666666667,0.0,0.0,87.06,1,0.9333988
303961,0.0,41.66666666666667,0.0,0.0,90.59,1,0.8521757
303973,0.0,33.33333333333333,0.0,0.0,73.53,1,0.9680609
304029,0.0,8.333333333333332,0.0,0.0,94.12,1,0.8269611
304043,0.0,8.333333333333332,0.0,0.0,88.24,0,0.34920448
304169,0.0,41.66666666666667,86.50306748466258,83.74233128834356,84.71,1,0.9210533
304404,0.0,18.181818181818183,83.43558282208589,84.66257668711657,88.76,1,0.639927
304417,0.0,0.0,0.0,0.0,91.18,0,0.010216612
304418,16.666666666666664,25.0,0.0,0.0,89.41,1,0.9383769
304420,0.0,16.666666666666664,0.0,0.0,80.59,1,0.97780937
304549,0.0,0.0,0.0,0.0,91.76,0,0.010216612
304832,0.0,8.333333333333332,0.0,0.0,81.18,1,0.98602086
304927,33.33333333333333,33.33333333333333,0.0,0.0,51.76,1,0.982485
304930,33.33333333333333,33.33333333333333,0.0,0.0,58.24,1,0.982485
305080,0.0,0.0,0.0,0.0,92.35,0,0.013474499
305190,0.0,41.66666666666667,0.0,0.0,75.29,1,0.9795411
305314,0.0,0.0,92.94478527607362,92.94478527607362,75.88,0,0.026365021
305316,0.0,0.0,93.86503067484662,92.33128834355828,75.88,0,0.026365021
305535,0.0,15.384615384615385,0.0,0.0,88.82,1,0.7649112
305662,16.666666666666664,33.33333333333333,0.0,0.0,94.71,1,0.96447873
305814,8.333333333333332,8.333333333333332,0.0,0.0,97.06,1,0.63177055
306073,0.0,25.0,83.43558282208589,78.75399361022363,87.65,0,0.36284792
306186,0.0,0.0,0.0,0.0,88.82,0,0.0036406089
306236,0.0,0.0,88.95705521472392,93.55828220858896,90.59,0,0.0032462026
306352,0.0,33.33333333333333,0.0,0.0,74.12,1,0.9680609
306410,0.0,0.0,0.0,0.0,95.88,0,0.007846177
306673,16.666666666666664,41.66666666666667,0.0,0.0,84.12,1,0.9923132
306786,0.0,0.0,94.1717791411043,90.79754601226993,86.47,0,0.018560704
306872,0.0,0.0,0.0,0.0,0.0,0,0.29801425
307086,0.0,0.0,0.0,0.0,80.0,0,0.084073596
307345,0.0,0.0,0.0,0.0,57.65,0,0.29801425
307515,0.0,8.333333333333332,0.0,0.0,72.35,1,0.9902604
307601,28.57142857142857,0.0,0.0,0.0,52.88,0,0.22597359
307726,0.0,25.0,0.0,0.0,58.82,1,0.8812839
307842,0.0,8.333333333333332,0.0,0.0,80.59,1,0.98602086
308165,0.0,8.333333333333332,0.0,0.0,87.06,1,0.77218735
308232,0.0,0.0,0.0,0.0,91.76,0,0.010216612
308346,16.666666666666664,25.0,0.0,0.0,77.65,1,0.95915097
308675,0.0,16.666666666666664,0.0,0.0,97.06,1,0.8795388
308771,33.33333333333333,33.33333333333333,0.0,0.0,65.88,1,0.9860415
309337,0.0,0.0,0.0,0.0,88.24,0,0.0031654404
309339,0.0,0.0,0.0,0.0,71.76,0,0.3945837
309545,0.0,0.0,0.0,0.0,91.18,0,0.010216612
309736,0.0,8.333333333333332,0.0,0.0,91.76,1,0.71478134
310041,0.0,33.33333333333333,0.0,0.0,86.47,1,0.9286771
310166,16.666666666666664,16.666666666666664,83.43558282208589,81.90184049079755,83.53,1,0.9820264
310346,0.0,0.0,0.0,0.0,71.76,0,0.3945837
310536,0.0,8.333333333333332,0.0,0.0,92.35,1,0.76831144
310748,66.66666666666666,33.33333333333333,0.0,0.0,33.33,1,0.982485
310754,0.0,0.0,0.0,0.0,86.47,0,0.05754159
311246,0.0,16.666666666666664,0.0,0.0,94.12,1,0.9467949
311396,0.0,0.0,0.0,0.0,81.76,0,0.084476486
311498,0.0,0.0,0.0,0.0,75.29,0,0.07630479
311559,33.33333333333333,66.66666666666666,84.66257668711657,81.28834355828221,96.38,1,0.96442974
311615,0.0,0.0,0.0,0.0,77.06,0,0.084073596
311755,0.0,0.0,0.0,0.0,91.18,0,0.010216612
311814,0.0,12.5,0.0,0.0,59.17,1,0.55926186
312281,0.0,41.66666666666667,0.0,0.0,94.12,1,0.9142027
312397,0.0,0.0,0.0,0.0,90.59,0,0.010216612
313296,0.0,0.0,0.0,0.0,71.18,0,0.3945837
313424,0.0,0.0,74.33333333333333,79.66666666666666,85.88,0,0.029823894
313527,0.0,14.285714285714285,0.0,0.0,77.89,1,0.9754512
313542,0.0,33.33333333333333,0.0,0.0,90.0,1,0.81608474
313722,33.33333333333333,66.66666666666666,90.1840490797546,87.42331288343557,73.33,1,0.97016764
313751,8.333333333333332,0.0,0.0,0.0,94.71,0,0.01910255
313934,0.0,0.0,0.0,0.0,92.35,0,0.013474499
314001,0.0,25.0,0.0,0.0,77.65,1,0.79592973
314236,0.0,0.0,0.0,0.0,77.06,0,0.084073596
314511,0.0,0.0,0.0,0.0,97.06,0,0.008011657
314529,16.666666666666664,83.33333333333334,0.0,0.0,80.0,1,0.99779534
315044,0.0,8.333333333333332,0.0,0.0,78.82,1,0.9859487
315240,0.0,0.0,0.0,0.0,94.12,0,0.019303964
315275,66.66666666666666,0.0,0.0,0.0,64.29,0,0.27860573
315306,0.0,18.181818181818183,78.52760736196319,83.54632587859425,71.76,1,0.9770701
315381,0.0,75.0,0.0,0.0,88.24,1,0.9054125
315618,0.0,0.0,81.59509202453987,86.26198083067092,89.41,0,0.005557504
315890,0.0,0.0,0.0,0.0,92.35,0,0.013474499
315911,0.0,0.0,0.0,0.0,82.94,0,0.17478293
316015,0.0,41.66666666666667,0.0,0.0,81.18,1,0.9816444
316052,0.0,8.333333333333332,0.0,0.0,74.71,1,0.9844111
316208,0.0,8.333333333333332,0.0,0.0,94.71,1,0.65753794
316250,8.333333333333332,8.333333333333332,0.0,0.0,82.94,1,0.98745465
316308,0.0,0.0,0.0,0.0,93.53,0,0.016426267
316371,0.0,16.666666666666664,0.0,0.0,87.06,1,0.9089754
316404,8.333333333333332,0.0,0.0,0.0,90.0,0,0.015003912
316572,8.333333333333332,25.0,0.0,0.0,78.24,1,0.9629604
316581,0.0,0.0,0.0,0.0,84.91,0,0.05754159
316582,33.33333333333333,58.333333333333336,0.0,0.0,86.47,1,0.9866362
316607,0.0,8.333333333333332,0.0,0.0,92.35,1,0.76831144
316617,8.333333333333332,0.0,81.90184049079755,88.03680981595092,94.12,0,0.0484852
316636,0.0,10.0,0.0,0.0,68.82,1,0.9934049
316844,0.0,0.0,77.0764119601329,85.88957055214725,97.65,0,0.003715049
316845,0.0,0.0,0.0,0.0,98.82,0,0.0056016874
316928,0.0,45.45454545454545,0.0,0.0,81.76,1,0.9816444
316929,0.0,45.45454545454545,0.0,0.0,80.59,1,0.9816444
317091,0.0,8.333333333333332,82.51533742331289,79.71246006389777,80.0,1,0.97641104
317132,0.0,50.0,100.0,0.0,58.06,1,0.99578685
317468,0.0,8.333333333333332,73.00613496932516,75.4601226993865,85.8,1,0.9463882
317474,0.0,0.0,0.0,0.0,87.06,0,0.042649906
317490,0.0,16.666666666666664,0.0,0.0,88.82,1,0.7649112
317578,0.0,8.333333333333332,0.0,0.0,87.06,1,0.77218735
317609,8.333333333333332,41.66666666666667,0.0,0.0,85.29,1,0.9823152
317675,0.0,8.333333333333332,0.0,0.0,97.65,1,0.57764786
317692,0.0,8.333333333333332,0.0,0.0,91.18,1,0.71478134
318046,0.0,0.0,0.0,0.0,67.63,0,0.36954552
318075,8.333333333333332,25.0,0.0,0.0,73.53,1,0.95901185
318141,0.0,0.0,0.0,0.0,95.6,0,0.007846177
318145,8.333333333333332,0.0,0.0,0.0,96.47,0,0.020097949
318170,7.6923076923076925,0.0,88.03680981595092,78.52760736196319,86.47,0,0.08367324
318329,0.0,14.285714285714285,0.0,88.65030674846625,72.62,1,0.97443897
318529,0.0,25.0,73.0,72.33333333333334,94.71,0,0.34705493
319131,0.0,0.0,0.0,0.0,84.71,0,0.09843092
319867,16.666666666666664,33.33333333333333,0.0,0.0,85.88,1,0.9682109
319955,0.0,0.0,0.0,0.0,84.71,0,0.09843092
320371,0.0,0.0,0.0,0.0,79.25,0,0.084073596
320973,0.0,0.0,95.0920245398773,97.85276073619632,96.23,0,0.0018673794
320974,0.0,0.0,87.73006134969326,83.70607028753993,97.48,0,0.0035575798
321394,8.333333333333332,8.333333333333332,0.0,0.0,90.57,1,0.5678533
321947,0.0,16.666666666666664,0.0,0.0,91.19,1,0.9032098
322260,0.0,0.0,98.46625766871165,97.44408945686901,96.86,0,0.0018108918
322304,0.0,0.0,0.0,0.0,90.57,0,0.010216612
322478,0.0,16.666666666666664,0.0,0.0,85.53,1,0.95121163
322641,0.0,16.666666666666664,0.0,0.0,73.58,1,0.9752778
323111,0.0,0.0,92.02453987730061,93.86503067484662,93.71,0,0.004671641
323112,0.0,0.0,92.63803680981594,90.09584664536742,95.6,0,0.0023053072
323386,0.0,16.666666666666664,0.0,0.0,92.45,1,0.92508215
323609,0.0,16.666666666666664,0.0,0.0,95.6,1,0.8772918
323774,0.0,50.0,0.0,0.0,74.21,1,0.9958276
323833,0.0,0.0,0.0,0.0,82.39,0,0.084476486
323846,0.0,25.0,0.0,0.0,71.7,1,0.9172134
324248,0.0,0.0,0.0,0.0,100.0,0,0.0056016874
325032,0.0,0.0,0.0,0.0,98.11,0,0.0056016874
325145,8.333333333333332,0.0,0.0,0.0,84.91,0,0.100418106
325241,0.0,0.0,0.0,0.0,98.74,0,0.0056016874
325504,0.0,0.0,0.0,0.0,88.68,0,0.0036406089
325543,0.0,0.0,0.0,0.0,72.96,0,0.1173918
325561,0.0,0.0,0.0,0.0,51.72,0,0.29801425
325699,0.0,0.0,0.0,0.0,95.6,0,0.007846177
325912,0.0,0.0,0.0,0.0,68.55,0,0.36954552
325995,0.0,0.0,0.0,0.0,98.74,0,0.0056016874
326046,0.0,0.0,0.0,0.0,100.0,0,0.0056016874
326131,0.0,50.0,0.0,0.0,96.23,1,0.9618914
326244,0.0,0.0,0.0,0.0,93.08,0,0.016426267
326271,0.0,20.0,89.2638036809816,0.0,67.42,1,0.88499224
326361,0.0,0.0,0.0,0.0,61.64,0,0.3306157
326398,0.0,0.0,0.0,0.0,93.71,0,0.016426267
326427,8.333333333333332,25.0,94.1717791411043,88.65030674846625,94.97,1,0.89750147
326428,8.333333333333332,33.33333333333333,88.03680981595092,92.81150159744409,93.71,1,0.94635767
326436,0.0,0.0,0.0,0.0,96.23,0,0.008259965
326595,0.0,0.0,0.0,0.0,80.5,0,0.08594494
326748,0.0,0.0,77.60736196319019,77.91411042944786,89.31,0,0.006338039
326749,0.0,0.0,86.50306748466258,80.98159509202453,88.68,0,0.0018362087
326899,0.0,16.666666666666664,0.0,0.0,90.57,1,0.9032098
326902,0.0,0.0,0.0,0.0,81.13,0,0.084476486
326984,0.0,50.0,0.0,0.0,79.87,1,0.9958276
327011,0.0,0.0,0.0,0.0,92.45,0,0.013474499
327025,0.0,0.0,0.0,0.0,59.75,0,0.29801425
327070,0.0,0.0,0.0,0.0,93.71,0,0.016426267
327088,18.181818181818183,0.0,0.0,0.0,82.39,0,0.27011287
327099,0.0,0.0,67.17791411042946,54.90797546012271,80.5,0,0.0769692
327101,0.0,0.0,0.0,0.0,82.39,0,0.084476486
327103,0.0,0.0,0.0,0.0,82.39,0,0.084476486
327121,0.0,0.0,0.0,0.0,79.87,0,0.084073596
327195,0.0,0.0,0.0,0.0,83.65,0,0.15899265
327202,0.0,9.090909090909092,0.0,0.0,92.45,1,0.76831144
327203,0.0,8.333333333333332,92.33128834355828,88.65030674846625,97.48,0,0.18543762
327226,8.333333333333332,0.0,59.0,51.22222222222222,95.6,0,0.065375894
327291,0.0,0.0,0.0,0.0,77.36,0,0.084073596
327348,0.0,45.45454545454545,80.3680981595092,81.90184049079755,64.78,1,0.9636372
327349,0.0,45.45454545454545,0.0,0.0,65.41,1,0.9922726
327368,0.0,9.090909090909092,0.0,0.0,93.71,1,0.8021648
327444,0.0,9.090909090909092,0.0,0.0,67.3,1,0.9939121
327445,0.0,0.0,0.0,0.0,79.25,0,0.084073596
327467,0.0,18.181818181818183,80.67484662576688,84.04907975460122,76.73,1,0.9780084
327483,0.0,0.0,0.0,0.0,91.82,0,0.010216612
327544,0.0,45.45454545454545,79.75460122699386,81.59509202453987,71.07,1,0.95837134
327563,0.0,0.0,0.0,0.0,97.48,0,0.008011657
327735,0.0,0.0,0.0,0.0,93.08,0,0.016426267
327774,9.090909090909092,45.45454545454545,0.0,0.0,77.71,1,0.94077086
327822,9.090909090909092,27.27272727272727,80.33333333333333,86.44444444444444,86.79,1,0.6867504
327886,0.0,0.0,0.0,0.0,95.6,0,0.007846177
327914,0.0,0.0,0.0,0.0,88.68,0,0.0036406089
328086,0.0,0.0,0.0,95.2076677316294,90.59,0,0.0028825814
328093,0.0,63.63636363636363,0.0,0.0,96.23,1,0.96324533
328112,0.0,0.0,0.0,0.0,88.68,0,0.0036406089
328184,0.0,0.0,0.0,0.0,88.68,0,0.0036406089
328207,0.0,36.36363636363637,0.0,0.0,88.68,1,0.5999379
328224,0.0,18.181818181818183,0.0,0.0,88.68,1,0.7649112
328292,0.0,0.0,0.0,0.0,87.79,0,0.031237131
328322,0.0,27.27272727272727,0.0,0.0,77.99,1,0.9018303
328324,0.0,27.27272727272727,88.34355828220859,91.3738019169329,84.91,1,0.5698846
328430,0.0,0.0,0.0,0.0,93.71,0,0.016426267
328541,0.0,9.090909090909092,0.0,0.0,86.79,1,0.82286257
328553,18.181818181818183,0.0,0.0,0.0,70.44,1,0.5537494
328556,9.090909090909092,27.27272727272727,0.0,0.0,88.05,0,0.015639126
328579,0.0,10.0,92.33128834355828,93.29073482428115,96.86,0,0.13902803
328594,9.090909090909092,72.72727272727273,0.0,0.0,82.39,1,0.9882004
328649,0.0,0.0,0.0,0.0,89.31,0,0.010216612
328695,0.0,0.0,0.0,0.0,72.09,0,0.3945837
328767,0.0,0.0,0.0,0.0,79.87,0,0.084073596
329021,0.0,9.090909090909092,75.66666666666667,68.88888888888889,91.19,1,0.5046071
329069,0.0,9.090909090909092,0.0,0.0,77.36,1,0.9859487
329074,0.0,9.090909090909092,85.58282208588957,79.2332268370607,93.08,1,0.66857433
329093,0.0,9.090909090909092,0.0,0.0,80.5,1,0.9862781
329102,0.0,36.36363636363637,0.0,0.0,89.94,1,0.81608474
329133,0.0,18.181818181818183,0.0,0.0,89.31,1,0.90010095
329155,0.0,9.090909090909092,0.0,0.0,73.58,1,0.9844111
329235,0.0,9.090909090909092,0.0,0.0,91.82,1,0.71478134
329265,0.0,27.27272727272727,0.0,0.0,86.79,1,0.7599123
329349,0.0,0.0,0.0,0.0,97.48,0,0.008011657
329473,0.0,45.45454545454545,0.0,0.0,62.26,1,0.99160224
329487,36.36363636363637,45.45454545454545,0.0,0.0,64.15,1,0.99278146
329492,27.27272727272727,18.181818181818183,0.0,0.0,79.87,1,0.96250725
329742,9.090909090909092,27.27272727272727,82.82208588957054,79.55271565495208,80.5,1,0.84407824
329889,18.181818181818183,36.36363636363637,0.0,0.0,76.73,1,0.9943931
329890,0.0,0.0,0.0,0.0,81.76,0,0.084476486
329891,0.0,9.090909090909092,0.0,0.0,74.84,1,0.9844111
329968,0.0,9.090909090909092,0.0,0.0,80.5,1,0.9862781
330000,0.0,0.0,0.0,0.0,75.47,0,0.07630479
330196,0.0,0.0,0.0,0.0,82.39,0,0.084476486
330276,0.0,9.090909090909092,0.0,0.0,89.94,1,0.71478134
330375,0.0,0.0,0.0,0.0,91.19,0,0.010216612
330389,0.0,18.181818181818183,0.0,0.0,94.34,1,0.9467949
330420,0.0,9.090909090909092,64.66666666666666,62.33333333333333,77.36,1,0.9804018
330429,0.0,72.72727272727273,0.0,0.0,47.8,1,0.997391
330457,0.0,9.090909090909092,0.0,0.0,89.94,1,0.71478134
330477,0.0,0.0,96.62576687116564,96.0122699386503,95.6,0,0.001773259
330478,0.0,0.0,0.0,0.0,58.0,0,0.29801425
330709,0.0,50.0,0.0,0.0,92.11,1,0.974514
330745,0.0,0.0,0.0,0.0,59.12,0,0.29801425
330814,9.090909090909092,18.181818181818183,59.333333333333336,55.666666666666664,93.08,1,0.8168919
330876,0.0,0.0,0.0,0.0,86.79,0,0.05754159
330953,18.181818181818183,18.181818181818183,0.0,0.0,26.42,1,0.9928053
330954,18.181818181818183,18.181818181818183,0.0,0.0,26.42,1,0.9928053
331073,0.0,0.0,0.0,0.0,94.97,0,0.007846177
331239,0.0,0.0,0.0,0.0,74.84,0,0.07630479
331307,0.0,18.181818181818183,0.0,0.0,72.33,1,0.98450017
331638,0.0,45.45454545454545,0.0,0.0,59.12,1,0.9898677
331704,0.0,9.090909090909092,0.0,0.0,95.6,1,0.65753794
331705,0.0,9.090909090909092,0.0,0.0,94.34,1,0.8269611
331830,0.0,54.54545454545454,89.87730061349694,81.629392971246,83.65,1,0.9908757
331901,0.0,9.090909090909092,0.0,0.0,89.31,1,0.7075796
331939,9.090909090909092,0.0,0.0,0.0,84.91,0,0.027236015
332142,18.181818181818183,18.181818181818183,0.0,0.0,81.13,1,0.9908319
332280,37.5,50.0,0.0,0.0,87.1,1,0.97101754
332392,0.0,45.45454545454545,0.0,0.0,92.45,1,0.8841007
332397,0.0,0.0,0.0,0.0,86.16,0,0.05754159
332558,9.090909090909092,45.45454545454545,0.0,0.0,86.16,1,0.8992168
332560,9.090909090909092,45.45454545454545,79.4478527607362,77.47603833865814,89.94,1,0.7429771
332596,0.0,0.0,0.0,0.0,84.91,0,0.05754159
332602,0.0,0.0,0.0,0.0,89.94,0,0.010216612
332647,0.0,27.27272727272727,0.0,0.0,59.62,1,0.95170635
332740,18.181818181818183,9.090909090909092,0.0,0.0,66.04,1,0.995385
332770,0.0,18.181818181818183,0.0,0.0,90.57,1,0.9032098
332773,12.5,0.0,0.0,0.0,71.43,0,0.3048405
332774,12.5,0.0,76.38036809815951,52.0,81.2,0,0.068436466
332784,12.5,0.0,61.33333333333333,0.0,82.35,0,0.16961823
333015,9.090909090909092,36.36363636363637,0.0,0.0,90.57,1,0.74651414
333322,0.0,0.0,0.0,0.0,68.55,1,0.7944921
333616,0.0,54.54545454545454,76.07361963190185,70.85889570552148,78.48,1,0.9984615
333636,0.0,27.27272727272727,0.0,0.0,66.46,1,0.9931631
333705,36.36363636363637,36.36363636363637,95.70552147239265,94.56869009584665,96.2,1,0.7793964
333706,36.36363636363637,36.36363636363637,69.0,76.11111111111111,84.81,1,0.99390537
333708,36.36363636363637,36.36363636363637,94.1717791411043,96.48562300319489,96.2,1,0.7793964
333756,0.0,0.0,0.0,0.0,95.57,0,0.0264488
333781,0.0,36.36363636363637,80.66666666666666,79.11111111111111,95.54,1,0.8698823
333783,0.0,36.36363636363637,76.07361963190185,80.67484662576688,91.14,1,0.9100046
333873,0.0,0.0,0.0,0.0,80.25,0,0.46121916
333939,0.0,18.181818181818183,83.12883435582822,82.51533742331289,87.26,1,0.9825637
334020,0.0,18.181818181818183,56.00000000000001,49.53488372093023,75.8,1,0.9983468
334089,0.0,0.0,0.0,0.0,96.18,0,0.0264488
334166,9.090909090909092,45.45454545454545,0.0,0.0,87.18,1,0.9798948
334292,0.0,18.181818181818183,0.0,0.0,90.38,1,0.96508783
334377,0.0,9.090909090909092,98.15950920245399,95.84664536741214,95.51,0,0.3207579
334378,0.0,9.090909090909092,93.0,93.0,99.36,0,0.3251634
334450,0.0,18.181818181818183,0.0,0.0,90.38,1,0.96508783
334573,0.0,0.0,0.0,0.0,83.87,1,0.5081974
334662,9.090909090909092,72.72727272727273,88.03680981595092,85.88957055214725,75.48,1,0.9956844
334712,66.66666666666666,0.0,0.0,0.0,10.26,1,0.6342994
334782,0.0,9.090909090909092,97.23926380368098,94.47852760736197,97.42,0,0.31409067
335125,66.66666666666666,0.0,0.0,0.0,63.64,1,0.67768186
335127,66.66666666666666,0.0,40.55555555555556,0.0,51.52,0,0.41112107
335603,0.0,0.0,56.00000000000001,48.95348837209303,83.77,1,0.8819903
335604,0.0,0.0,81.28834355828221,91.1042944785276,86.84,0,0.17390022
335966,0.0,0.0,0.0,0.0,36.36,1,0.7452624
336084,0.0,0.0,0.0,0.0,97.37,0,0.025667869
336116,0.0,0.0,0.0,0.0,89.33,0,0.034881286
336161,0.0,27.27272727272727,0.0,0.0,67.33,1,0.9931631
336408,0.0,9.090909090909092,0.0,0.0,73.83,1,0.99808097
336410,0.0,54.54545454545454,0.0,0.0,95.3,1,0.9832602
336510,0.0,0.0,0.0,0.0,80.41,0,0.46121916
336514,9.090909090909092,36.36363636363637,0.0,0.0,85.14,1,0.9777077
336920,0.0,0.0,88.95705521472392,91.71779141104295,92.09,0,0.014265349
336932,0.0,0.0,0.0,0.0,92.09,0,0.044397697
336986,0.0,45.45454545454545,44.666666666666664,25.853658536585368,78.42,1,0.99700445
337151,0.0,0.0,0.0,0.0,97.44,0,0.030985171
337230,0.0,18.181818181818183,74.5398773006135,83.43558282208589,76.47,1,0.9982735
